BEGIN;

INSERT INTO rol (id, rol) VALUES
  (1, 'Trabajador'),
  (2, 'Estudiante'),
  (3, 'Estudia y Trabaja')
ON CONFLICT (id) DO NOTHING;
SELECT setval('rol_id_seq', 3);

INSERT INTO mood (id, mood) VALUES
  (1, 'Exhausto'),
  (2, 'Triste'),
  (3, 'Neutral'),
  (4, 'Feliz'),
  (5, 'Excelente')
ON CONFLICT (id) DO NOTHING;
SELECT setval('mood_id_seq', 5);

INSERT INTO semaphore (id, color, description) VALUES
  (1, 'Verde',    'Óptimo: Alta capacidad cognitiva y bajo estrés.'),
  (2, 'Amarillo', 'Precaución: Fatiga moderada o estrés acumulado. Necesita descanso leve.'),
  (3, 'Rojo',     'Peligro: Agotamiento o alta deuda de sueño. Priorizar descanso inmediato.')
ON CONFLICT (id) DO NOTHING;
SELECT setval('semaphore_id_seq', 3);

INSERT INTO game (id, name) VALUES
  (1, 'Taptap'),
  (2, 'Memorama')
ON CONFLICT (id) DO NOTHING;
SELECT setval('game_id_seq', 2);

-- ────────────────────────────────────────────────────────────────────
-- 2. USERS
-- ────────────────────────────────────────────────────────────────────
INSERT INTO users
  (id, name, last_name, email, password, date_of_birth, gender,
   id_rol, created_at, updated_at, ideal_sleep_hours)
VALUES
  (1, 'Sofía', 'García Ramírez', 'sofia.garcia1@gmail.com',
   '$2b$12$seed_hash_001_placeholder',
   '2001-04-20', 'Femenino', 1,
   '2025-09-01 09:00:00', '2025-09-08 09:00:00', 7.5),
  (2, 'Valentina', 'Martínez Flores', 'valentina.martinez2@outlook.com',
   '$2b$12$seed_hash_002_placeholder',
   '2001-09-22', 'Femenino', 2,
   '2025-09-04 10:00:00', '2025-09-11 10:00:00', 8.0),
  (3, 'Carlos', 'López Torres', 'carlos.lopez3@upchiapas.edu.mx',
   '$2b$12$seed_hash_003_placeholder',
   '2000-03-15', 'Masculino', 3,
   '2025-09-07 11:00:00', '2025-09-14 11:00:00', 7.0),
  (4, 'Diego', 'Hernández Rivera', 'diego.hernandez4@hotmail.com',
   '$2b$12$seed_hash_004_placeholder',
   '1999-11-06', 'Masculino', 1,
   '2025-09-10 12:00:00', '2025-09-17 12:00:00', 8.5),
  (5, 'Lucía', 'González Morales', 'lucia.gonzalez5@gmail.com',
   '$2b$12$seed_hash_005_placeholder',
   '2002-06-13', 'Femenino', 2,
   '2025-09-13 13:00:00', '2025-09-20 13:00:00', 7.2),
  (6, 'Andrés', 'Pérez Jiménez', 'andres.perez6@yahoo.com',
   '$2b$12$seed_hash_006_placeholder',
   '2000-02-28', 'Masculino', 1,
   '2025-09-16 14:00:00', '2025-09-23 14:00:00', 8.0),
  (7, 'Fernanda', 'Rodríguez Ruiz', 'fernanda.rodriguez7@icloud.com',
   '$2b$12$seed_hash_007_placeholder',
   '1998-12-01', 'Femenino', 3,
   '2025-09-19 15:00:00', '2025-09-26 15:00:00', 6.5),
  (8, 'Miguel', 'Sánchez Díaz', 'miguel.sanchez8@upchiapas.edu.mx',
   '$2b$12$seed_hash_008_placeholder',
   '2003-07-19', 'Masculino', 2,
   '2025-09-22 16:00:00', '2025-09-29 16:00:00', 9.0),
  (9, 'Andrea', 'Ramírez Vásquez', 'andrea.ramirez9@outlook.com',
   '$2b$12$seed_hash_009_placeholder',
   '2001-03-10', 'No binario', 1,
   '2025-09-25 17:00:00', '2025-10-02 17:00:00', 7.5),
  (10, 'Mariana', 'Flores Mendoza', 'mariana.flores10@gmail.com',
   '$2b$12$seed_hash_010_placeholder',
   '2000-11-25', 'Femenino', 2,
   '2025-09-28 18:00:00', '2025-10-05 18:00:00', 8.0);
SELECT setval('users_id_seq', 10);

-- ────────────────────────────────────────────────────────────────────
-- 3. STREAKS_HISTORY  (2 rachas por usuario → 20 registros)
-- ────────────────────────────────────────────────────────────────────
INSERT INTO streaks_history
  (id, user_id, start_date, end_date, days_count, created_at, updated_at)
VALUES
  (1, 1, '2025-10-01', '2025-10-08', 7,
   '2025-10-01 07:00:00', '2025-10-08 07:00:00'),
  (2, 1, '2025-10-11', '2025-10-18', 7,
   '2025-10-11 07:00:00', '2025-10-18 07:00:00'),
  (3, 2, '2025-10-03', '2025-10-15', 12,
   '2025-10-03 07:00:00', '2025-10-15 07:00:00'),
  (4, 2, '2025-10-18', '2025-10-21', 3,
   '2025-10-18 07:00:00', '2025-10-21 07:00:00'),
  (5, 3, '2025-10-05', '2025-10-19', 14,
   '2025-10-05 07:00:00', '2025-10-19 07:00:00'),
  (6, 3, '2025-10-22', '2025-11-01', 10,
   '2025-10-22 07:00:00', '2025-11-01 07:00:00'),
  (7, 4, '2025-10-07', '2025-10-28', 21,
   '2025-10-07 07:00:00', '2025-10-28 07:00:00'),
  (8, 4, '2025-10-31', '2025-11-06', 6,
   '2025-10-31 07:00:00', '2025-11-06 07:00:00'),
  (9, 5, '2025-10-09', '2025-10-19', 10,
   '2025-10-09 07:00:00', '2025-10-19 07:00:00'),
  (10, 5, '2025-10-22', '2025-10-26', 4,
   '2025-10-22 07:00:00', '2025-10-26 07:00:00'),
  (11, 6, '2025-10-11', '2025-10-16', 5,
   '2025-10-11 07:00:00', '2025-10-16 07:00:00'),
  (12, 6, '2025-10-19', '2025-10-27', 8,
   '2025-10-19 07:00:00', '2025-10-27 07:00:00'),
  (13, 7, '2025-10-13', '2025-10-21', 8,
   '2025-10-13 07:00:00', '2025-10-21 07:00:00'),
  (14, 7, '2025-10-24', '2025-11-05', 12,
   '2025-10-24 07:00:00', '2025-11-05 07:00:00'),
  (15, 8, '2025-10-15', '2025-10-30', 15,
   '2025-10-15 07:00:00', '2025-10-30 07:00:00'),
  (16, 8, '2025-11-02', '2025-11-09', 7,
   '2025-11-02 07:00:00', '2025-11-09 07:00:00'),
  (17, 9, '2025-10-17', '2025-10-28', 11,
   '2025-10-17 07:00:00', '2025-10-28 07:00:00'),
  (18, 9, '2025-10-31', '2025-11-09', 9,
   '2025-10-31 07:00:00', '2025-11-09 07:00:00'),
  (19, 10, '2025-10-19', '2025-10-28', 9,
   '2025-10-19 07:00:00', '2025-10-28 07:00:00'),
  (20, 10, '2025-10-31', '2025-11-05', 5,
   '2025-10-31 07:00:00', '2025-11-05 07:00:00');
SELECT setval('streaks_history_id_seq', 20);

-- ────────────────────────────────────────────────────────────────────
-- 4. DAILY_CHECKIN  (7 días por usuario → 70 registros)
-- id_semaphore calculado con la misma lógica de fn_calculate_semaphore:
--   ratio >= 0.9 AND mood >= 4  → Verde
--   ratio <  0.6 OR  mood <= 2  → Rojo
--   otherwise                   → Amarillo
-- ────────────────────────────────────────────────────────────────────
INSERT INTO daily_checkin
  (id, id_user, sleep_start, sleep_end, hours_sleep, id_mood,
   id_semaphore, date_time, updated_at, sleep_debt, battery_cog, fatigue)
VALUES
  (1, 1, '21:43', '05:47', 8.3, 4,
   1, '2025-10-01 07:40:00',
   '2025-10-01 08:40:00', 0.0, 76, 23),
  (2, 1, '21:14', '05:32', 8.2, 4,
   1, '2025-10-02 07:37:00',
   '2025-10-02 08:37:00', 0.0, 72, 2),
  (3, 1, '23:17', '07:51', 8.0, 5,
   1, '2025-10-03 07:35:00',
   '2025-10-03 08:35:00', 0.0, 79, 14),
  (4, 1, '21:13', '05:48', 8.3, 5,
   1, '2025-10-04 07:10:00',
   '2025-10-04 10:10:00', 0.0, 82, 8),
  (5, 1, '21:46', '05:29', 8.0, 5,
   1, '2025-10-05 07:06:00',
   '2025-10-05 08:06:00', 0.0, 91, 8),
  (6, 1, '23:39', '06:56', 7.9, 3,
   2, '2025-10-06 07:24:00',
   '2025-10-06 10:24:00', 0.0, 51, 56),
  (7, 1, '21:54', '04:14', 7.9, 5,
   1, '2025-10-07 07:36:00',
   '2025-10-07 08:36:00', 0.0, 96, 9),
  (8, 2, '22:22', '04:13', 6.3, 2,
   3, '2025-10-02 07:24:00',
   '2025-10-02 10:24:00', 1.7, 33, 72),
  (9, 2, '23:15', '06:10', 7.1, 3,
   2, '2025-10-03 07:44:00',
   '2025-10-03 11:44:00', 0.9, 47, 47),
  (10, 2, '21:14', '02:52', 5.6, 2,
   3, '2025-10-04 07:24:00',
   '2025-10-04 08:24:00', 2.4, 24, 82),
  (11, 2, '23:20', '04:13', 5.8, 4,
   2, '2025-10-05 07:20:00',
   '2025-10-05 11:20:00', 2.2, 60, 58),
  (12, 2, '21:16', '03:08', 6.2, 4,
   2, '2025-10-06 07:25:00',
   '2025-10-06 09:25:00', 1.8, 62, 44),
  (13, 2, '21:08', '01:32', 4.7, 3,
   3, '2025-10-07 07:35:00',
   '2025-10-07 11:35:00', 3.3, 35, 85),
  (14, 2, '21:40', '02:10', 5.7, 4,
   2, '2025-10-08 07:05:00',
   '2025-10-08 11:05:00', 2.3, 69, 33),
  (15, 3, '23:55', '07:00', 8.5, 5,
   1, '2025-10-03 07:38:00',
   '2025-10-03 08:38:00', 0.0, 88, 8),
  (16, 3, '23:21', '07:07', 8.3, 5,
   1, '2025-10-04 07:43:00',
   '2025-10-04 10:43:00', 0.0, 96, 8),
  (17, 3, '23:48', '07:11', 8.2, 5,
   1, '2025-10-05 07:27:00',
   '2025-10-05 08:27:00', 0.0, 95, 8),
  (18, 3, '23:12', '07:09', 8.2, 4,
   1, '2025-10-06 07:40:00',
   '2025-10-06 10:40:00', 0.0, 92, 16),
  (19, 3, '22:31', '05:01', 7.7, 5,
   1, '2025-10-07 07:10:00',
   '2025-10-07 08:10:00', 0.0, 72, 19),
  (20, 3, '22:15', '06:03', 8.1, 5,
   1, '2025-10-08 07:23:00',
   '2025-10-08 09:23:00', 0.0, 98, 25),
  (21, 3, '23:49', '07:08', 8.3, 4,
   1, '2025-10-09 07:36:00',
   '2025-10-09 09:36:00', 0.0, 74, 24),
  (22, 4, '23:55', '03:38', 4.9, 2,
   3, '2025-10-04 07:42:00',
   '2025-10-04 11:42:00', 3.6, 20, 78),
  (23, 4, '23:41', '05:23', 6.5, 2,
   3, '2025-10-05 07:13:00',
   '2025-10-05 11:13:00', 2.0, 29, 87),
  (24, 4, '21:21', '01:01', 4.3, 2,
   3, '2025-10-06 07:33:00',
   '2025-10-06 09:33:00', 4.2, 25, 76),
  (25, 4, '21:55', '02:21', 5.1, 2,
   3, '2025-10-07 07:37:00',
   '2025-10-07 08:37:00', 3.4, 24, 66),
  (26, 4, '23:08', '04:46', 5.4, 1,
   3, '2025-10-08 07:32:00',
   '2025-10-08 11:32:00', 3.1, 41, 75),
  (27, 4, '22:27', '03:26', 5.4, 1,
   3, '2025-10-09 07:15:00',
   '2025-10-09 11:15:00', 3.1, 16, 89),
  (28, 4, '22:46', '01:21', 3.2, 2,
   3, '2025-10-10 07:03:00',
   '2025-10-10 08:03:00', 5.3, 16, 65),
  (29, 5, '22:15', '05:55', 7.7, 4,
   1, '2025-10-05 07:15:00',
   '2025-10-05 08:15:00', 0.0, 77, 8),
  (30, 5, '21:03', '05:41', 8.1, 5,
   1, '2025-10-06 07:28:00',
   '2025-10-06 08:28:00', 0.0, 99, 17),
  (31, 5, '21:55', '05:25', 8.4, 4,
   1, '2025-10-07 07:05:00',
   '2025-10-07 08:05:00', 0.0, 87, 15),
  (32, 5, '22:18', '05:27', 7.1, 4,
   1, '2025-10-08 07:10:00',
   '2025-10-08 11:10:00', 0.1, 84, 8),
  (33, 5, '21:47', '04:20', 7.6, 3,
   2, '2025-10-09 07:09:00',
   '2025-10-09 08:09:00', 0.0, 65, 47),
  (34, 5, '23:10', '06:03', 7.8, 5,
   1, '2025-10-10 07:03:00',
   '2025-10-10 08:03:00', 0.0, 88, 27),
  (35, 5, '23:15', '06:37', 7.7, 5,
   1, '2025-10-11 07:11:00',
   '2025-10-11 08:11:00', 0.0, 84, 3),
  (36, 6, '21:42', '03:45', 6.6, 2,
   3, '2025-10-06 07:39:00',
   '2025-10-06 10:39:00', 1.4, 30, 78),
  (37, 6, '21:00', '03:29', 6.5, 3,
   2, '2025-10-07 07:15:00',
   '2025-10-07 08:15:00', 1.5, 56, 40),
  (38, 6, '21:59', '03:22', 6.9, 3,
   2, '2025-10-08 07:04:00',
   '2025-10-08 08:04:00', 1.1, 58, 38),
  (39, 6, '23:51', '05:41', 6.2, 4,
   2, '2025-10-09 07:15:00',
   '2025-10-09 08:15:00', 1.8, 64, 39),
  (40, 6, '21:56', '03:08', 6.8, 4,
   2, '2025-10-10 07:42:00',
   '2025-10-10 10:42:00', 1.2, 51, 51),
  (41, 6, '21:45', '04:21', 7.4, 2,
   3, '2025-10-11 07:07:00',
   '2025-10-11 09:07:00', 0.6, 28, 100),
  (42, 6, '22:16', '03:57', 5.8, 3,
   2, '2025-10-12 07:43:00',
   '2025-10-12 08:43:00', 2.2, 50, 46),
  (43, 7, '23:16', '02:10', 3.0, 1,
   3, '2025-10-07 07:05:00',
   '2025-10-07 11:05:00', 3.5, 31, 70),
  (44, 7, '21:56', '23:44', 2.8, 2,
   3, '2025-10-08 07:35:00',
   '2025-10-08 09:35:00', 3.7, 10, 69),
  (45, 7, '21:19', '02:23', 5.6, 2,
   3, '2025-10-09 07:34:00',
   '2025-10-09 08:34:00', 0.9, 37, 70),
  (46, 7, '22:49', '02:35', 4.8, 1,
   3, '2025-10-10 07:22:00',
   '2025-10-10 11:22:00', 1.7, 25, 68),
  (47, 7, '22:01', '02:11', 4.5, 1,
   3, '2025-10-11 07:39:00',
   '2025-10-11 10:39:00', 2.0, 20, 73),
  (48, 7, '21:50', '23:44', 2.5, 2,
   3, '2025-10-12 07:26:00',
   '2025-10-12 08:26:00', 4.0, 25, 79),
  (49, 7, '22:52', '04:50', 6.1, 1,
   3, '2025-10-13 07:24:00',
   '2025-10-13 09:24:00', 0.4, 39, 84),
  (50, 8, '22:17', '06:55', 8.2, 3,
   2, '2025-10-08 07:14:00',
   '2025-10-08 08:14:00', 0.8, 48, 42),
  (51, 8, '22:01', '06:07', 8.4, 5,
   1, '2025-10-09 07:17:00',
   '2025-10-09 10:17:00', 0.6, 98, 17),
  (52, 8, '21:38', '05:27', 8.7, 5,
   1, '2025-10-10 07:11:00',
   '2025-10-10 10:11:00', 0.3, 80, 1),
  (53, 8, '21:16', '05:02', 8.0, 3,
   2, '2025-10-11 07:20:00',
   '2025-10-11 11:20:00', 1.0, 70, 48),
  (54, 8, '23:46', '07:47', 8.7, 5,
   1, '2025-10-12 07:00:00',
   '2025-10-12 09:00:00', 0.3, 97, 17),
  (55, 8, '23:54', '07:07', 8.1, 5,
   2, '2025-10-13 07:23:00',
   '2025-10-13 10:23:00', 0.9, 61, 40),
  (56, 8, '22:44', '06:18', 8.7, 4,
   1, '2025-10-14 07:32:00',
   '2025-10-14 09:32:00', 0.3, 85, 10),
  (57, 9, '23:36', '04:19', 5.7, 3,
   2, '2025-10-09 07:12:00',
   '2025-10-09 11:12:00', 1.8, 70, 35),
  (58, 9, '21:27', '04:50', 7.7, 4,
   1, '2025-10-10 07:35:00',
   '2025-10-10 10:35:00', 0.0, 81, 9),
  (59, 9, '23:10', '05:42', 6.2, 3,
   2, '2025-10-11 07:29:00',
   '2025-10-11 08:29:00', 1.3, 67, 58),
  (60, 9, '22:05', '05:52', 7.3, 3,
   2, '2025-10-12 07:18:00',
   '2025-10-12 09:18:00', 0.2, 62, 49),
  (61, 9, '22:39', '04:54', 6.6, 2,
   3, '2025-10-13 07:43:00',
   '2025-10-13 08:43:00', 0.9, 12, 77),
  (62, 9, '21:45', '05:44', 8.0, 3,
   2, '2025-10-14 07:29:00',
   '2025-10-14 11:29:00', 0.0, 62, 48),
  (63, 9, '21:49', '03:27', 6.7, 3,
   2, '2025-10-15 07:31:00',
   '2025-10-15 09:31:00', 0.8, 70, 54),
  (64, 10, '22:03', '05:35', 7.1, 4,
   2, '2025-10-10 07:11:00',
   '2025-10-10 09:11:00', 0.9, 64, 46),
  (65, 10, '22:48', '03:57', 5.2, 3,
   2, '2025-10-11 07:07:00',
   '2025-10-11 11:07:00', 2.8, 59, 49),
  (66, 10, '22:53', '05:58', 7.2, 4,
   1, '2025-10-12 07:39:00',
   '2025-10-12 11:39:00', 0.8, 100, 16),
  (67, 10, '23:31', '05:40', 6.8, 2,
   3, '2025-10-13 07:10:00',
   '2025-10-13 09:10:00', 1.2, 25, 79),
  (68, 10, '21:17', '02:21', 5.8, 3,
   2, '2025-10-14 07:17:00',
   '2025-10-14 10:17:00', 2.2, 64, 39),
  (69, 10, '21:04', '04:26', 7.3, 3,
   2, '2025-10-15 07:34:00',
   '2025-10-15 11:34:00', 0.7, 46, 52),
  (70, 10, '21:53', '04:26', 7.0, 3,
   2, '2025-10-16 07:21:00',
   '2025-10-16 11:21:00', 1.0, 55, 31);
SELECT setval('daily_checkin_id_seq', 70);

-- ────────────────────────────────────────────────────────────────────
-- 5. GAME_SESSIONS  (2 sesiones por checkin → 140 registros)
-- score_value: Taptap=avg_reaction_ms (menor=mejor)
--              Memorama=accuracy%     (mayor=mejor)
-- metadata incluye avg_reaction_ms y memory_pct para fn_rendimiento_usuario
-- ────────────────────────────────────────────────────────────────────
INSERT INTO game_sessions
  (id, id_daily_checkin, id_game, start_time, end_time,
   score_value, battery, metadata, created_at, updated_at)
VALUES
  (1, 1, 1,
   '2025-10-01 09:08:00', '2025-10-01 09:11:00',
   342.8, 57,
   '{"avg_reaction_ms": 342.8, "memory_pct": null, "duration_min": 3, "game": "Taptap", "r1": 361.0, "r2": 334.6, "r3": 308.9}'::jsonb,
   '2025-10-01 09:08:00', '2025-10-01 09:14:00'),
  (2, 1, 2,
   '2025-10-01 08:49:00', '2025-10-01 08:58:00',
   100.0, 100,
   '{"avg_reaction_ms": null, "memory_pct": 100.0, "duration_min": 9, "game": "Memorama", "correct_hits": 16, "total_required": 16}'::jsonb,
   '2025-10-01 08:49:00', '2025-10-01 09:03:00'),
  (3, 2, 1,
   '2025-10-02 09:00:00', '2025-10-02 09:06:00',
   298.6, 66,
   '{"avg_reaction_ms": 298.6, "memory_pct": null, "duration_min": 6, "game": "Taptap", "r1": 285.0, "r2": 297.7, "r3": 292.0}'::jsonb,
   '2025-10-02 09:00:00', '2025-10-02 09:10:00'),
  (4, 2, 2,
   '2025-10-02 09:00:00', '2025-10-02 09:05:00',
   100.0, 100,
   '{"avg_reaction_ms": null, "memory_pct": 100.0, "duration_min": 5, "game": "Memorama", "correct_hits": 16, "total_required": 16}'::jsonb,
   '2025-10-02 09:00:00', '2025-10-02 09:07:00'),
  (5, 3, 1,
   '2025-10-03 08:54:00', '2025-10-03 08:57:00',
   348.8, 55,
   '{"avg_reaction_ms": 348.8, "memory_pct": null, "duration_min": 3, "game": "Taptap", "r1": 355.2, "r2": 360.2, "r3": 319.8}'::jsonb,
   '2025-10-03 08:54:00', '2025-10-03 09:01:00'),
  (6, 3, 2,
   '2025-10-03 08:39:00', '2025-10-03 08:49:00',
   87.5, 87,
   '{"avg_reaction_ms": null, "memory_pct": 87.5, "duration_min": 10, "game": "Memorama", "correct_hits": 14, "total_required": 16}'::jsonb,
   '2025-10-03 08:39:00', '2025-10-03 08:50:00'),
  (7, 4, 1,
   '2025-10-04 08:18:00', '2025-10-04 08:27:00',
   279.3, 71,
   '{"avg_reaction_ms": 279.3, "memory_pct": null, "duration_min": 9, "game": "Taptap", "r1": 276.8, "r2": 270.2, "r3": 300.5}'::jsonb,
   '2025-10-04 08:18:00', '2025-10-04 08:30:00'),
  (8, 4, 2,
   '2025-10-04 08:34:00', '2025-10-04 08:43:00',
   93.75, 93,
   '{"avg_reaction_ms": null, "memory_pct": 93.75, "duration_min": 9, "game": "Memorama", "correct_hits": 15, "total_required": 16}'::jsonb,
   '2025-10-04 08:34:00', '2025-10-04 08:44:00'),
  (9, 5, 1,
   '2025-10-05 08:21:00', '2025-10-05 08:24:00',
   329.9, 60,
   '{"avg_reaction_ms": 329.9, "memory_pct": null, "duration_min": 3, "game": "Taptap", "r1": 300.3, "r2": 359.7, "r3": 311.7}'::jsonb,
   '2025-10-05 08:21:00', '2025-10-05 08:25:00'),
  (10, 5, 2,
   '2025-10-05 08:30:00', '2025-10-05 08:33:00',
   81.25, 81,
   '{"avg_reaction_ms": null, "memory_pct": 81.25, "duration_min": 3, "game": "Memorama", "correct_hits": 13, "total_required": 16}'::jsonb,
   '2025-10-05 08:30:00', '2025-10-05 08:35:00'),
  (11, 6, 1,
   '2025-10-06 08:30:00', '2025-10-06 08:33:00',
   440.8, 35,
   '{"avg_reaction_ms": 440.8, "memory_pct": null, "duration_min": 3, "game": "Taptap", "r1": 417.8, "r2": 438.5, "r3": 406.8}'::jsonb,
   '2025-10-06 08:30:00', '2025-10-06 08:35:00'),
  (12, 6, 2,
   '2025-10-06 08:38:00', '2025-10-06 08:45:00',
   68.75, 68,
   '{"avg_reaction_ms": null, "memory_pct": 68.75, "duration_min": 7, "game": "Memorama", "correct_hits": 11, "total_required": 16}'::jsonb,
   '2025-10-06 08:38:00', '2025-10-06 08:47:00'),
  (13, 7, 1,
   '2025-10-07 08:55:00', '2025-10-07 08:59:00',
   333.3, 59,
   '{"avg_reaction_ms": 333.3, "memory_pct": null, "duration_min": 4, "game": "Taptap", "r1": 310.9, "r2": 320.7, "r3": 338.5}'::jsonb,
   '2025-10-07 08:55:00', '2025-10-07 09:02:00'),
  (14, 7, 2,
   '2025-10-07 08:54:00', '2025-10-07 09:03:00',
   100.0, 100,
   '{"avg_reaction_ms": null, "memory_pct": 100.0, "duration_min": 9, "game": "Memorama", "correct_hits": 16, "total_required": 16}'::jsonb,
   '2025-10-07 08:54:00', '2025-10-07 09:05:00'),
  (15, 8, 1,
   '2025-10-02 08:26:00', '2025-10-02 08:32:00',
   506.3, 20,
   '{"avg_reaction_ms": 506.3, "memory_pct": null, "duration_min": 6, "game": "Taptap", "r1": 533.9, "r2": 541.8, "r3": 516.5}'::jsonb,
   '2025-10-02 08:26:00', '2025-10-02 08:33:00'),
  (16, 8, 2,
   '2025-10-02 08:49:00', '2025-10-02 08:52:00',
   37.5, 37,
   '{"avg_reaction_ms": null, "memory_pct": 37.5, "duration_min": 3, "game": "Memorama", "correct_hits": 6, "total_required": 16}'::jsonb,
   '2025-10-02 08:49:00', '2025-10-02 08:57:00'),
  (17, 9, 1,
   '2025-10-03 08:57:00', '2025-10-03 09:05:00',
   369.0, 51,
   '{"avg_reaction_ms": 369.0, "memory_pct": null, "duration_min": 8, "game": "Taptap", "r1": 379.9, "r2": 333.0, "r3": 363.1}'::jsonb,
   '2025-10-03 08:57:00', '2025-10-03 09:09:00'),
  (18, 9, 2,
   '2025-10-03 08:47:00', '2025-10-03 08:56:00',
   68.75, 68,
   '{"avg_reaction_ms": null, "memory_pct": 68.75, "duration_min": 9, "game": "Memorama", "correct_hits": 11, "total_required": 16}'::jsonb,
   '2025-10-03 08:47:00', '2025-10-03 09:00:00'),
  (19, 10, 1,
   '2025-10-04 08:46:00', '2025-10-04 08:51:00',
   559.7, 8,
   '{"avg_reaction_ms": 559.7, "memory_pct": null, "duration_min": 5, "game": "Taptap", "r1": 585.9, "r2": 611.8, "r3": 534.0}'::jsonb,
   '2025-10-04 08:46:00', '2025-10-04 08:56:00'),
  (20, 10, 2,
   '2025-10-04 08:48:00', '2025-10-04 08:58:00',
   43.75, 43,
   '{"avg_reaction_ms": null, "memory_pct": 43.75, "duration_min": 10, "game": "Memorama", "correct_hits": 7, "total_required": 16}'::jsonb,
   '2025-10-04 08:48:00', '2025-10-04 09:02:00'),
  (21, 11, 1,
   '2025-10-05 08:46:00', '2025-10-05 08:53:00',
   401.9, 44,
   '{"avg_reaction_ms": 401.9, "memory_pct": null, "duration_min": 7, "game": "Taptap", "r1": 381.4, "r2": 436.8, "r3": 384.1}'::jsonb,
   '2025-10-05 08:46:00', '2025-10-05 08:57:00'),
  (22, 11, 2,
   '2025-10-05 08:27:00', '2025-10-05 08:37:00',
   81.25, 81,
   '{"avg_reaction_ms": null, "memory_pct": 81.25, "duration_min": 10, "game": "Memorama", "correct_hits": 13, "total_required": 16}'::jsonb,
   '2025-10-05 08:27:00', '2025-10-05 08:42:00'),
  (23, 12, 1,
   '2025-10-06 08:46:00', '2025-10-06 08:55:00',
   403.7, 43,
   '{"avg_reaction_ms": 403.7, "memory_pct": null, "duration_min": 9, "game": "Taptap", "r1": 403.2, "r2": 389.6, "r3": 402.7}'::jsonb,
   '2025-10-06 08:46:00', '2025-10-06 08:58:00'),
  (24, 12, 2,
   '2025-10-06 08:50:00', '2025-10-06 08:57:00',
   68.75, 68,
   '{"avg_reaction_ms": null, "memory_pct": 68.75, "duration_min": 7, "game": "Memorama", "correct_hits": 11, "total_required": 16}'::jsonb,
   '2025-10-06 08:50:00', '2025-10-06 09:00:00'),
  (25, 13, 1,
   '2025-10-07 09:03:00', '2025-10-07 09:10:00',
   578.9, 4,
   '{"avg_reaction_ms": 578.9, "memory_pct": null, "duration_min": 7, "game": "Taptap", "r1": 580.8, "r2": 543.1, "r3": 549.0}'::jsonb,
   '2025-10-07 09:03:00', '2025-10-07 09:14:00'),
  (26, 13, 2,
   '2025-10-07 08:50:00', '2025-10-07 08:56:00',
   56.25, 56,
   '{"avg_reaction_ms": null, "memory_pct": 56.25, "duration_min": 6, "game": "Memorama", "correct_hits": 9, "total_required": 16}'::jsonb,
   '2025-10-07 08:50:00', '2025-10-07 09:00:00'),
  (27, 14, 1,
   '2025-10-08 08:25:00', '2025-10-08 08:35:00',
   418.3, 40,
   '{"avg_reaction_ms": 418.3, "memory_pct": null, "duration_min": 10, "game": "Taptap", "r1": 377.9, "r2": 401.1, "r3": 410.3}'::jsonb,
   '2025-10-08 08:25:00', '2025-10-08 08:37:00'),
  (28, 14, 2,
   '2025-10-08 08:14:00', '2025-10-08 08:22:00',
   75.0, 75,
   '{"avg_reaction_ms": null, "memory_pct": 75.0, "duration_min": 8, "game": "Memorama", "correct_hits": 12, "total_required": 16}'::jsonb,
   '2025-10-08 08:14:00', '2025-10-08 08:27:00'),
  (29, 15, 1,
   '2025-10-03 08:54:00', '2025-10-03 09:02:00',
   291.1, 68,
   '{"avg_reaction_ms": 291.1, "memory_pct": null, "duration_min": 8, "game": "Taptap", "r1": 305.4, "r2": 281.2, "r3": 302.9}'::jsonb,
   '2025-10-03 08:54:00', '2025-10-03 09:05:00'),
  (30, 15, 2,
   '2025-10-03 08:47:00', '2025-10-03 08:54:00',
   87.5, 87,
   '{"avg_reaction_ms": null, "memory_pct": 87.5, "duration_min": 7, "game": "Memorama", "correct_hits": 14, "total_required": 16}'::jsonb,
   '2025-10-03 08:47:00', '2025-10-03 08:55:00'),
  (31, 16, 1,
   '2025-10-04 09:06:00', '2025-10-04 09:12:00',
   277.9, 71,
   '{"avg_reaction_ms": 277.9, "memory_pct": null, "duration_min": 6, "game": "Taptap", "r1": 291.4, "r2": 303.0, "r3": 288.5}'::jsonb,
   '2025-10-04 09:06:00', '2025-10-04 09:14:00'),
  (32, 16, 2,
   '2025-10-04 08:49:00', '2025-10-04 08:59:00',
   93.75, 93,
   '{"avg_reaction_ms": null, "memory_pct": 93.75, "duration_min": 10, "game": "Memorama", "correct_hits": 15, "total_required": 16}'::jsonb,
   '2025-10-04 08:49:00', '2025-10-04 09:04:00'),
  (33, 17, 1,
   '2025-10-05 08:51:00', '2025-10-05 08:58:00',
   357.7, 53,
   '{"avg_reaction_ms": 357.7, "memory_pct": null, "duration_min": 7, "game": "Taptap", "r1": 381.5, "r2": 343.1, "r3": 347.7}'::jsonb,
   '2025-10-05 08:51:00', '2025-10-05 09:01:00'),
  (34, 17, 2,
   '2025-10-05 08:27:00', '2025-10-05 08:32:00',
   93.75, 93,
   '{"avg_reaction_ms": null, "memory_pct": 93.75, "duration_min": 5, "game": "Memorama", "correct_hits": 15, "total_required": 16}'::jsonb,
   '2025-10-05 08:27:00', '2025-10-05 08:33:00'),
  (35, 18, 1,
   '2025-10-06 08:41:00', '2025-10-06 08:48:00',
   323.7, 61,
   '{"avg_reaction_ms": 323.7, "memory_pct": null, "duration_min": 7, "game": "Taptap", "r1": 299.5, "r2": 347.6, "r3": 323.1}'::jsonb,
   '2025-10-06 08:41:00', '2025-10-06 08:49:00'),
  (36, 18, 2,
   '2025-10-06 08:58:00', '2025-10-06 09:05:00',
   100.0, 100,
   '{"avg_reaction_ms": null, "memory_pct": 100.0, "duration_min": 7, "game": "Memorama", "correct_hits": 16, "total_required": 16}'::jsonb,
   '2025-10-06 08:58:00', '2025-10-06 09:09:00'),
  (37, 19, 1,
   '2025-10-07 08:24:00', '2025-10-07 08:32:00',
   262.1, 75,
   '{"avg_reaction_ms": 262.1, "memory_pct": null, "duration_min": 8, "game": "Taptap", "r1": 238.6, "r2": 285.2, "r3": 260.9}'::jsonb,
   '2025-10-07 08:24:00', '2025-10-07 08:33:00'),
  (38, 19, 2,
   '2025-10-07 08:22:00', '2025-10-07 08:32:00',
   81.25, 81,
   '{"avg_reaction_ms": null, "memory_pct": 81.25, "duration_min": 10, "game": "Memorama", "correct_hits": 13, "total_required": 16}'::jsonb,
   '2025-10-07 08:22:00', '2025-10-07 08:37:00'),
  (39, 20, 1,
   '2025-10-08 08:43:00', '2025-10-08 08:46:00',
   258.2, 75,
   '{"avg_reaction_ms": 258.2, "memory_pct": null, "duration_min": 3, "game": "Taptap", "r1": 274.3, "r2": 281.4, "r3": 236.8}'::jsonb,
   '2025-10-08 08:43:00', '2025-10-08 08:48:00'),
  (40, 20, 2,
   '2025-10-08 08:26:00', '2025-10-08 08:35:00',
   87.5, 87,
   '{"avg_reaction_ms": null, "memory_pct": 87.5, "duration_min": 9, "game": "Memorama", "correct_hits": 14, "total_required": 16}'::jsonb,
   '2025-10-08 08:26:00', '2025-10-08 08:40:00'),
  (41, 21, 1,
   '2025-10-09 08:48:00', '2025-10-09 08:58:00',
   349.0, 55,
   '{"avg_reaction_ms": 349.0, "memory_pct": null, "duration_min": 10, "game": "Taptap", "r1": 334.9, "r2": 355.2, "r3": 344.0}'::jsonb,
   '2025-10-09 08:48:00', '2025-10-09 09:03:00'),
  (42, 21, 2,
   '2025-10-09 08:55:00', '2025-10-09 08:58:00',
   81.25, 81,
   '{"avg_reaction_ms": null, "memory_pct": 81.25, "duration_min": 3, "game": "Memorama", "correct_hits": 13, "total_required": 16}'::jsonb,
   '2025-10-09 08:55:00', '2025-10-09 09:00:00'),
  (43, 22, 1,
   '2025-10-04 09:02:00', '2025-10-04 09:08:00',
   532.3, 15,
   '{"avg_reaction_ms": 532.3, "memory_pct": null, "duration_min": 6, "game": "Taptap", "r1": 487.7, "r2": 504.6, "r3": 537.8}'::jsonb,
   '2025-10-04 09:02:00', '2025-10-04 09:10:00'),
  (44, 22, 2,
   '2025-10-04 08:42:00', '2025-10-04 08:51:00',
   43.75, 43,
   '{"avg_reaction_ms": null, "memory_pct": 43.75, "duration_min": 9, "game": "Memorama", "correct_hits": 7, "total_required": 16}'::jsonb,
   '2025-10-04 08:42:00', '2025-10-04 08:56:00'),
  (45, 23, 1,
   '2025-10-05 08:28:00', '2025-10-05 08:35:00',
   495.2, 23,
   '{"avg_reaction_ms": 495.2, "memory_pct": null, "duration_min": 7, "game": "Taptap", "r1": 474.2, "r2": 473.7, "r3": 530.8}'::jsonb,
   '2025-10-05 08:28:00', '2025-10-05 08:36:00'),
  (46, 23, 2,
   '2025-10-05 08:34:00', '2025-10-05 08:40:00',
   37.5, 37,
   '{"avg_reaction_ms": null, "memory_pct": 37.5, "duration_min": 6, "game": "Memorama", "correct_hits": 6, "total_required": 16}'::jsonb,
   '2025-10-05 08:34:00', '2025-10-05 08:45:00'),
  (47, 24, 1,
   '2025-10-06 08:54:00', '2025-10-06 09:00:00',
   558.0, 9,
   '{"avg_reaction_ms": 558.0, "memory_pct": null, "duration_min": 6, "game": "Taptap", "r1": 563.0, "r2": 574.5, "r3": 603.6}'::jsonb,
   '2025-10-06 08:54:00', '2025-10-06 09:02:00'),
  (48, 24, 2,
   '2025-10-06 08:35:00', '2025-10-06 08:38:00',
   31.25, 31,
   '{"avg_reaction_ms": null, "memory_pct": 31.25, "duration_min": 3, "game": "Memorama", "correct_hits": 5, "total_required": 16}'::jsonb,
   '2025-10-06 08:35:00', '2025-10-06 08:41:00'),
  (49, 25, 1,
   '2025-10-07 08:56:00', '2025-10-07 09:03:00',
   560.3, 8,
   '{"avg_reaction_ms": 560.3, "memory_pct": null, "duration_min": 7, "game": "Taptap", "r1": 556.8, "r2": 538.3, "r3": 549.4}'::jsonb,
   '2025-10-07 08:56:00', '2025-10-07 09:06:00'),
  (50, 25, 2,
   '2025-10-07 08:53:00', '2025-10-07 09:03:00',
   43.75, 43,
   '{"avg_reaction_ms": null, "memory_pct": 43.75, "duration_min": 10, "game": "Memorama", "correct_hits": 7, "total_required": 16}'::jsonb,
   '2025-10-07 08:53:00', '2025-10-07 09:04:00'),
  (51, 26, 1,
   '2025-10-08 08:51:00', '2025-10-08 08:54:00',
   632.3, 0,
   '{"avg_reaction_ms": 632.3, "memory_pct": null, "duration_min": 3, "game": "Taptap", "r1": 662.0, "r2": 645.4, "r3": 572.3}'::jsonb,
   '2025-10-08 08:51:00', '2025-10-08 08:56:00'),
  (52, 26, 2,
   '2025-10-08 09:02:00', '2025-10-08 09:05:00',
   56.25, 56,
   '{"avg_reaction_ms": null, "memory_pct": 56.25, "duration_min": 3, "game": "Memorama", "correct_hits": 9, "total_required": 16}'::jsonb,
   '2025-10-08 09:02:00', '2025-10-08 09:08:00'),
  (53, 27, 1,
   '2025-10-09 08:33:00', '2025-10-09 08:36:00',
   612.1, 0,
   '{"avg_reaction_ms": 612.1, "memory_pct": null, "duration_min": 3, "game": "Taptap", "r1": 572.3, "r2": 614.4, "r3": 605.0}'::jsonb,
   '2025-10-09 08:33:00', '2025-10-09 08:39:00'),
  (54, 27, 2,
   '2025-10-09 08:20:00', '2025-10-09 08:29:00',
   56.25, 56,
   '{"avg_reaction_ms": null, "memory_pct": 56.25, "duration_min": 9, "game": "Memorama", "correct_hits": 9, "total_required": 16}'::jsonb,
   '2025-10-09 08:20:00', '2025-10-09 08:33:00'),
  (55, 28, 1,
   '2025-10-10 08:05:00', '2025-10-10 08:15:00',
   545.7, 12,
   '{"avg_reaction_ms": 545.7, "memory_pct": null, "duration_min": 10, "game": "Taptap", "r1": 527.5, "r2": 564.3, "r3": 584.7}'::jsonb,
   '2025-10-10 08:05:00', '2025-10-10 08:18:00'),
  (56, 28, 2,
   '2025-10-10 08:16:00', '2025-10-10 08:26:00',
   37.5, 37,
   '{"avg_reaction_ms": null, "memory_pct": 37.5, "duration_min": 10, "game": "Memorama", "correct_hits": 6, "total_required": 16}'::jsonb,
   '2025-10-10 08:16:00', '2025-10-10 08:30:00'),
  (57, 29, 1,
   '2025-10-05 08:41:00', '2025-10-05 08:44:00',
   294.6, 67,
   '{"avg_reaction_ms": 294.6, "memory_pct": null, "duration_min": 3, "game": "Taptap", "r1": 283.7, "r2": 284.2, "r3": 322.3}'::jsonb,
   '2025-10-05 08:41:00', '2025-10-05 08:48:00'),
  (58, 29, 2,
   '2025-10-05 08:42:00', '2025-10-05 08:45:00',
   100.0, 100,
   '{"avg_reaction_ms": null, "memory_pct": 100.0, "duration_min": 3, "game": "Memorama", "correct_hits": 16, "total_required": 16}'::jsonb,
   '2025-10-05 08:42:00', '2025-10-05 08:49:00'),
  (59, 30, 1,
   '2025-10-06 08:29:00', '2025-10-06 08:35:00',
   302.2, 66,
   '{"avg_reaction_ms": 302.2, "memory_pct": null, "duration_min": 6, "game": "Taptap", "r1": 309.6, "r2": 302.1, "r3": 298.7}'::jsonb,
   '2025-10-06 08:29:00', '2025-10-06 08:36:00'),
  (60, 30, 2,
   '2025-10-06 08:34:00', '2025-10-06 08:41:00',
   87.5, 87,
   '{"avg_reaction_ms": null, "memory_pct": 87.5, "duration_min": 7, "game": "Memorama", "correct_hits": 14, "total_required": 16}'::jsonb,
   '2025-10-06 08:34:00', '2025-10-06 08:44:00'),
  (61, 31, 1,
   '2025-10-07 08:19:00', '2025-10-07 08:29:00',
   254.6, 76,
   '{"avg_reaction_ms": 254.6, "memory_pct": null, "duration_min": 10, "game": "Taptap", "r1": 278.7, "r2": 260.1, "r3": 241.3}'::jsonb,
   '2025-10-07 08:19:00', '2025-10-07 08:31:00'),
  (62, 31, 2,
   '2025-10-07 08:14:00', '2025-10-07 08:17:00',
   100.0, 100,
   '{"avg_reaction_ms": null, "memory_pct": 100.0, "duration_min": 3, "game": "Memorama", "correct_hits": 16, "total_required": 16}'::jsonb,
   '2025-10-07 08:14:00', '2025-10-07 08:18:00'),
  (63, 32, 1,
   '2025-10-08 08:17:00', '2025-10-08 08:21:00',
   295.4, 67,
   '{"avg_reaction_ms": 295.4, "memory_pct": null, "duration_min": 4, "game": "Taptap", "r1": 272.8, "r2": 315.0, "r3": 295.3}'::jsonb,
   '2025-10-08 08:17:00', '2025-10-08 08:24:00'),
  (64, 32, 2,
   '2025-10-08 08:26:00', '2025-10-08 08:33:00',
   100.0, 100,
   '{"avg_reaction_ms": null, "memory_pct": 100.0, "duration_min": 7, "game": "Memorama", "correct_hits": 16, "total_required": 16}'::jsonb,
   '2025-10-08 08:26:00', '2025-10-08 08:37:00'),
  (65, 33, 1,
   '2025-10-09 08:24:00', '2025-10-09 08:30:00',
   419.4, 40,
   '{"avg_reaction_ms": 419.4, "memory_pct": null, "duration_min": 6, "game": "Taptap", "r1": 389.6, "r2": 393.4, "r3": 427.7}'::jsonb,
   '2025-10-09 08:24:00', '2025-10-09 08:32:00'),
  (66, 33, 2,
   '2025-10-09 08:36:00', '2025-10-09 08:40:00',
   68.75, 68,
   '{"avg_reaction_ms": null, "memory_pct": 68.75, "duration_min": 4, "game": "Memorama", "correct_hits": 11, "total_required": 16}'::jsonb,
   '2025-10-09 08:36:00', '2025-10-09 08:44:00'),
  (67, 34, 1,
   '2025-10-10 08:13:00', '2025-10-10 08:20:00',
   338.5, 58,
   '{"avg_reaction_ms": 338.5, "memory_pct": null, "duration_min": 7, "game": "Taptap", "r1": 323.8, "r2": 324.9, "r3": 344.4}'::jsonb,
   '2025-10-10 08:13:00', '2025-10-10 08:24:00'),
  (68, 34, 2,
   '2025-10-10 08:30:00', '2025-10-10 08:35:00',
   100.0, 100,
   '{"avg_reaction_ms": null, "memory_pct": 100.0, "duration_min": 5, "game": "Memorama", "correct_hits": 16, "total_required": 16}'::jsonb,
   '2025-10-10 08:30:00', '2025-10-10 08:40:00'),
  (69, 35, 1,
   '2025-10-11 08:26:00', '2025-10-11 08:34:00',
   279.9, 71,
   '{"avg_reaction_ms": 279.9, "memory_pct": null, "duration_min": 8, "game": "Taptap", "r1": 294.6, "r2": 273.0, "r3": 304.1}'::jsonb,
   '2025-10-11 08:26:00', '2025-10-11 08:36:00'),
  (70, 35, 2,
   '2025-10-11 08:33:00', '2025-10-11 08:39:00',
   100.0, 100,
   '{"avg_reaction_ms": null, "memory_pct": 100.0, "duration_min": 6, "game": "Memorama", "correct_hits": 16, "total_required": 16}'::jsonb,
   '2025-10-11 08:33:00', '2025-10-11 08:41:00'),
  (71, 36, 1,
   '2025-10-06 09:06:00', '2025-10-06 09:15:00',
   497.0, 22,
   '{"avg_reaction_ms": 497.0, "memory_pct": null, "duration_min": 9, "game": "Taptap", "r1": 521.3, "r2": 517.4, "r3": 528.0}'::jsonb,
   '2025-10-06 09:06:00', '2025-10-06 09:19:00'),
  (72, 36, 2,
   '2025-10-06 09:00:00', '2025-10-06 09:05:00',
   43.75, 43,
   '{"avg_reaction_ms": null, "memory_pct": 43.75, "duration_min": 5, "game": "Memorama", "correct_hits": 7, "total_required": 16}'::jsonb,
   '2025-10-06 09:00:00', '2025-10-06 09:06:00'),
  (73, 37, 1,
   '2025-10-07 08:19:00', '2025-10-07 08:27:00',
   473.1, 28,
   '{"avg_reaction_ms": 473.1, "memory_pct": null, "duration_min": 8, "game": "Taptap", "r1": 508.5, "r2": 467.5, "r3": 475.6}'::jsonb,
   '2025-10-07 08:19:00', '2025-10-07 08:31:00'),
  (74, 37, 2,
   '2025-10-07 08:15:00', '2025-10-07 08:20:00',
   75.0, 75,
   '{"avg_reaction_ms": null, "memory_pct": 75.0, "duration_min": 5, "game": "Memorama", "correct_hits": 12, "total_required": 16}'::jsonb,
   '2025-10-07 08:15:00', '2025-10-07 08:22:00'),
  (75, 38, 1,
   '2025-10-08 08:06:00', '2025-10-08 08:16:00',
   461.6, 30,
   '{"avg_reaction_ms": 461.6, "memory_pct": null, "duration_min": 10, "game": "Taptap", "r1": 439.9, "r2": 473.0, "r3": 452.1}'::jsonb,
   '2025-10-08 08:06:00', '2025-10-08 08:17:00'),
  (76, 38, 2,
   '2025-10-08 08:31:00', '2025-10-08 08:39:00',
   81.25, 81,
   '{"avg_reaction_ms": null, "memory_pct": 81.25, "duration_min": 8, "game": "Memorama", "correct_hits": 13, "total_required": 16}'::jsonb,
   '2025-10-08 08:31:00', '2025-10-08 08:43:00'),
  (77, 39, 1,
   '2025-10-09 08:45:00', '2025-10-09 08:53:00',
   441.5, 35,
   '{"avg_reaction_ms": 441.5, "memory_pct": null, "duration_min": 8, "game": "Taptap", "r1": 475.7, "r2": 440.4, "r3": 445.1}'::jsonb,
   '2025-10-09 08:45:00', '2025-10-09 08:58:00'),
  (78, 39, 2,
   '2025-10-09 08:17:00', '2025-10-09 08:23:00',
   68.75, 68,
   '{"avg_reaction_ms": null, "memory_pct": 68.75, "duration_min": 6, "game": "Memorama", "correct_hits": 11, "total_required": 16}'::jsonb,
   '2025-10-09 08:17:00', '2025-10-09 08:25:00'),
  (79, 40, 1,
   '2025-10-10 09:05:00', '2025-10-10 09:09:00',
   416.4, 40,
   '{"avg_reaction_ms": 416.4, "memory_pct": null, "duration_min": 4, "game": "Taptap", "r1": 383.0, "r2": 427.5, "r3": 447.4}'::jsonb,
   '2025-10-10 09:05:00', '2025-10-10 09:13:00'),
  (80, 40, 2,
   '2025-10-10 08:47:00', '2025-10-10 08:54:00',
   56.25, 56,
   '{"avg_reaction_ms": null, "memory_pct": 56.25, "duration_min": 7, "game": "Memorama", "correct_hits": 9, "total_required": 16}'::jsonb,
   '2025-10-10 08:47:00', '2025-10-10 08:55:00'),
  (81, 41, 1,
   '2025-10-11 08:17:00', '2025-10-11 08:20:00',
   536.9, 14,
   '{"avg_reaction_ms": 536.9, "memory_pct": null, "duration_min": 3, "game": "Taptap", "r1": 523.5, "r2": 498.8, "r3": 540.2}'::jsonb,
   '2025-10-11 08:17:00', '2025-10-11 08:25:00'),
  (82, 41, 2,
   '2025-10-11 08:28:00', '2025-10-11 08:33:00',
   31.25, 31,
   '{"avg_reaction_ms": null, "memory_pct": 31.25, "duration_min": 5, "game": "Memorama", "correct_hits": 5, "total_required": 16}'::jsonb,
   '2025-10-11 08:28:00', '2025-10-11 08:35:00'),
  (83, 42, 1,
   '2025-10-12 08:45:00', '2025-10-12 08:54:00',
   440.6, 35,
   '{"avg_reaction_ms": 440.6, "memory_pct": null, "duration_min": 9, "game": "Taptap", "r1": 417.8, "r2": 477.0, "r3": 409.2}'::jsonb,
   '2025-10-12 08:45:00', '2025-10-12 08:58:00'),
  (84, 42, 2,
   '2025-10-12 09:03:00', '2025-10-12 09:10:00',
   75.0, 75,
   '{"avg_reaction_ms": null, "memory_pct": 75.0, "duration_min": 7, "game": "Memorama", "correct_hits": 12, "total_required": 16}'::jsonb,
   '2025-10-12 09:03:00', '2025-10-12 09:13:00'),
  (85, 43, 1,
   '2025-10-07 08:26:00', '2025-10-07 08:29:00',
   633.8, 0,
   '{"avg_reaction_ms": 633.8, "memory_pct": null, "duration_min": 3, "game": "Taptap", "r1": 629.4, "r2": 606.9, "r3": 639.7}'::jsonb,
   '2025-10-07 08:26:00', '2025-10-07 08:30:00'),
  (86, 43, 2,
   '2025-10-07 08:19:00', '2025-10-07 08:27:00',
   50.0, 50,
   '{"avg_reaction_ms": null, "memory_pct": 50.0, "duration_min": 8, "game": "Memorama", "correct_hits": 8, "total_required": 16}'::jsonb,
   '2025-10-07 08:19:00', '2025-10-07 08:30:00'),
  (87, 44, 1,
   '2025-10-08 08:55:00', '2025-10-08 09:04:00',
   600.5, 0,
   '{"avg_reaction_ms": 600.5, "memory_pct": null, "duration_min": 9, "game": "Taptap", "r1": 595.3, "r2": 576.7, "r3": 660.5}'::jsonb,
   '2025-10-08 08:55:00', '2025-10-08 09:08:00'),
  (88, 44, 2,
   '2025-10-08 08:38:00', '2025-10-08 08:44:00',
   43.75, 43,
   '{"avg_reaction_ms": null, "memory_pct": 43.75, "duration_min": 6, "game": "Memorama", "correct_hits": 7, "total_required": 16}'::jsonb,
   '2025-10-08 08:38:00', '2025-10-08 08:49:00'),
  (89, 45, 1,
   '2025-10-09 08:45:00', '2025-10-09 08:52:00',
   648.8, 0,
   '{"avg_reaction_ms": 648.8, "memory_pct": null, "duration_min": 7, "game": "Taptap", "r1": 622.2, "r2": 710.8, "r3": 669.3}'::jsonb,
   '2025-10-09 08:45:00', '2025-10-09 08:55:00'),
  (90, 45, 2,
   '2025-10-09 08:34:00', '2025-10-09 08:37:00',
   50.0, 50,
   '{"avg_reaction_ms": null, "memory_pct": 50.0, "duration_min": 3, "game": "Memorama", "correct_hits": 8, "total_required": 16}'::jsonb,
   '2025-10-09 08:34:00', '2025-10-09 08:41:00'),
  (91, 46, 1,
   '2025-10-10 08:48:00', '2025-10-10 08:55:00',
   614.1, 0,
   '{"avg_reaction_ms": 614.1, "memory_pct": null, "duration_min": 7, "game": "Taptap", "r1": 581.0, "r2": 651.2, "r3": 579.6}'::jsonb,
   '2025-10-10 08:48:00', '2025-10-10 08:57:00'),
  (92, 46, 2,
   '2025-10-10 08:41:00', '2025-10-10 08:48:00',
   56.25, 56,
   '{"avg_reaction_ms": null, "memory_pct": 56.25, "duration_min": 7, "game": "Memorama", "correct_hits": 9, "total_required": 16}'::jsonb,
   '2025-10-10 08:41:00', '2025-10-10 08:50:00'),
  (93, 47, 1,
   '2025-10-11 08:59:00', '2025-10-11 09:03:00',
   634.5, 0,
   '{"avg_reaction_ms": 634.5, "memory_pct": null, "duration_min": 4, "game": "Taptap", "r1": 653.1, "r2": 610.3, "r3": 627.0}'::jsonb,
   '2025-10-11 08:59:00', '2025-10-11 09:08:00'),
  (94, 47, 2,
   '2025-10-11 08:50:00', '2025-10-11 08:55:00',
   25.0, 25,
   '{"avg_reaction_ms": null, "memory_pct": 25.0, "duration_min": 5, "game": "Memorama", "correct_hits": 4, "total_required": 16}'::jsonb,
   '2025-10-11 08:50:00', '2025-10-11 08:58:00'),
  (95, 48, 1,
   '2025-10-12 08:36:00', '2025-10-12 08:45:00',
   518.1, 18,
   '{"avg_reaction_ms": 518.1, "memory_pct": null, "duration_min": 9, "game": "Taptap", "r1": 480.0, "r2": 522.2, "r3": 567.0}'::jsonb,
   '2025-10-12 08:36:00', '2025-10-12 08:50:00'),
  (96, 48, 2,
   '2025-10-12 08:42:00', '2025-10-12 08:49:00',
   31.25, 31,
   '{"avg_reaction_ms": null, "memory_pct": 31.25, "duration_min": 7, "game": "Memorama", "correct_hits": 5, "total_required": 16}'::jsonb,
   '2025-10-12 08:42:00', '2025-10-12 08:52:00'),
  (97, 49, 1,
   '2025-10-13 08:53:00', '2025-10-13 09:03:00',
   644.8, 0,
   '{"avg_reaction_ms": 644.8, "memory_pct": null, "duration_min": 10, "game": "Taptap", "r1": 618.4, "r2": 692.6, "r3": 684.0}'::jsonb,
   '2025-10-13 08:53:00', '2025-10-13 09:07:00'),
  (98, 49, 2,
   '2025-10-13 08:54:00', '2025-10-13 08:58:00',
   31.25, 31,
   '{"avg_reaction_ms": null, "memory_pct": 31.25, "duration_min": 4, "game": "Memorama", "correct_hits": 5, "total_required": 16}'::jsonb,
   '2025-10-13 08:54:00', '2025-10-13 09:00:00'),
  (99, 50, 1,
   '2025-10-08 08:41:00', '2025-10-08 08:50:00',
   485.7, 25,
   '{"avg_reaction_ms": 485.7, "memory_pct": null, "duration_min": 9, "game": "Taptap", "r1": 515.3, "r2": 472.7, "r3": 513.9}'::jsonb,
   '2025-10-08 08:41:00', '2025-10-08 08:51:00'),
  (100, 50, 2,
   '2025-10-08 08:22:00', '2025-10-08 08:26:00',
   75.0, 75,
   '{"avg_reaction_ms": null, "memory_pct": 75.0, "duration_min": 4, "game": "Memorama", "correct_hits": 12, "total_required": 16}'::jsonb,
   '2025-10-08 08:22:00', '2025-10-08 08:29:00'),
  (101, 51, 1,
   '2025-10-09 08:38:00', '2025-10-09 08:45:00',
   310.1, 64,
   '{"avg_reaction_ms": 310.1, "memory_pct": null, "duration_min": 7, "game": "Taptap", "r1": 330.1, "r2": 337.4, "r3": 285.8}'::jsonb,
   '2025-10-09 08:38:00', '2025-10-09 08:47:00'),
  (102, 51, 2,
   '2025-10-09 08:32:00', '2025-10-09 08:35:00',
   93.75, 93,
   '{"avg_reaction_ms": null, "memory_pct": 93.75, "duration_min": 3, "game": "Memorama", "correct_hits": 15, "total_required": 16}'::jsonb,
   '2025-10-09 08:32:00', '2025-10-09 08:40:00'),
  (103, 52, 1,
   '2025-10-10 08:18:00', '2025-10-10 08:22:00',
   316.2, 63,
   '{"avg_reaction_ms": 316.2, "memory_pct": null, "duration_min": 4, "game": "Taptap", "r1": 313.9, "r2": 328.9, "r3": 325.6}'::jsonb,
   '2025-10-10 08:18:00', '2025-10-10 08:23:00'),
  (104, 52, 2,
   '2025-10-10 08:15:00', '2025-10-10 08:18:00',
   81.25, 81,
   '{"avg_reaction_ms": null, "memory_pct": 81.25, "duration_min": 3, "game": "Memorama", "correct_hits": 13, "total_required": 16}'::jsonb,
   '2025-10-10 08:15:00', '2025-10-10 08:21:00'),
  (105, 53, 1,
   '2025-10-11 08:35:00', '2025-10-11 08:39:00',
   372.6, 50,
   '{"avg_reaction_ms": 372.6, "memory_pct": null, "duration_min": 4, "game": "Taptap", "r1": 401.5, "r2": 345.4, "r3": 369.1}'::jsonb,
   '2025-10-11 08:35:00', '2025-10-11 08:44:00'),
  (106, 53, 2,
   '2025-10-11 08:33:00', '2025-10-11 08:38:00',
   75.0, 75,
   '{"avg_reaction_ms": null, "memory_pct": 75.0, "duration_min": 5, "game": "Memorama", "correct_hits": 12, "total_required": 16}'::jsonb,
   '2025-10-11 08:33:00', '2025-10-11 08:39:00'),
  (107, 54, 1,
   '2025-10-12 08:26:00', '2025-10-12 08:36:00',
   313.9, 63,
   '{"avg_reaction_ms": 313.9, "memory_pct": null, "duration_min": 10, "game": "Taptap", "r1": 341.5, "r2": 300.1, "r3": 325.8}'::jsonb,
   '2025-10-12 08:26:00', '2025-10-12 08:38:00'),
  (108, 54, 2,
   '2025-10-12 08:14:00', '2025-10-12 08:24:00',
   87.5, 87,
   '{"avg_reaction_ms": null, "memory_pct": 87.5, "duration_min": 10, "game": "Memorama", "correct_hits": 14, "total_required": 16}'::jsonb,
   '2025-10-12 08:14:00', '2025-10-12 08:27:00'),
  (109, 55, 1,
   '2025-10-13 08:26:00', '2025-10-13 08:34:00',
   430.8, 37,
   '{"avg_reaction_ms": 430.8, "memory_pct": null, "duration_min": 8, "game": "Taptap", "r1": 472.0, "r2": 418.6, "r3": 422.0}'::jsonb,
   '2025-10-13 08:26:00', '2025-10-13 08:36:00'),
  (110, 55, 2,
   '2025-10-13 08:53:00', '2025-10-13 08:57:00',
   75.0, 75,
   '{"avg_reaction_ms": null, "memory_pct": 75.0, "duration_min": 4, "game": "Memorama", "correct_hits": 12, "total_required": 16}'::jsonb,
   '2025-10-13 08:53:00', '2025-10-13 08:58:00'),
  (111, 56, 1,
   '2025-10-14 08:53:00', '2025-10-14 08:59:00',
   317.0, 62,
   '{"avg_reaction_ms": 317.0, "memory_pct": null, "duration_min": 6, "game": "Taptap", "r1": 323.2, "r2": 286.7, "r3": 335.2}'::jsonb,
   '2025-10-14 08:53:00', '2025-10-14 09:01:00'),
  (112, 56, 2,
   '2025-10-14 08:36:00', '2025-10-14 08:42:00',
   81.25, 81,
   '{"avg_reaction_ms": null, "memory_pct": 81.25, "duration_min": 6, "game": "Memorama", "correct_hits": 13, "total_required": 16}'::jsonb,
   '2025-10-14 08:36:00', '2025-10-14 08:47:00'),
  (113, 57, 1,
   '2025-10-09 08:18:00', '2025-10-09 08:24:00',
   465.7, 29,
   '{"avg_reaction_ms": 465.7, "memory_pct": null, "duration_min": 6, "game": "Taptap", "r1": 440.8, "r2": 491.3, "r3": 492.6}'::jsonb,
   '2025-10-09 08:18:00', '2025-10-09 08:29:00'),
  (114, 57, 2,
   '2025-10-09 08:12:00', '2025-10-09 08:19:00',
   62.5, 62,
   '{"avg_reaction_ms": null, "memory_pct": 62.5, "duration_min": 7, "game": "Memorama", "correct_hits": 10, "total_required": 16}'::jsonb,
   '2025-10-09 08:12:00', '2025-10-09 08:21:00'),
  (115, 58, 1,
   '2025-10-10 08:52:00', '2025-10-10 08:59:00',
   335.8, 58,
   '{"avg_reaction_ms": 335.8, "memory_pct": null, "duration_min": 7, "game": "Taptap", "r1": 309.6, "r2": 360.4, "r3": 311.1}'::jsonb,
   '2025-10-10 08:52:00', '2025-10-10 09:02:00'),
  (116, 58, 2,
   '2025-10-10 09:00:00', '2025-10-10 09:06:00',
   93.75, 93,
   '{"avg_reaction_ms": null, "memory_pct": 93.75, "duration_min": 6, "game": "Memorama", "correct_hits": 15, "total_required": 16}'::jsonb,
   '2025-10-10 09:00:00', '2025-10-10 09:07:00'),
  (117, 59, 1,
   '2025-10-11 08:34:00', '2025-10-11 08:41:00',
   366.8, 51,
   '{"avg_reaction_ms": 366.8, "memory_pct": null, "duration_min": 7, "game": "Taptap", "r1": 384.5, "r2": 368.7, "r3": 384.8}'::jsonb,
   '2025-10-11 08:34:00', '2025-10-11 08:45:00'),
  (118, 59, 2,
   '2025-10-11 08:43:00', '2025-10-11 08:51:00',
   81.25, 81,
   '{"avg_reaction_ms": null, "memory_pct": 81.25, "duration_min": 8, "game": "Memorama", "correct_hits": 13, "total_required": 16}'::jsonb,
   '2025-10-11 08:43:00', '2025-10-11 08:56:00'),
  (119, 60, 1,
   '2025-10-12 08:21:00', '2025-10-12 08:31:00',
   425.5, 38,
   '{"avg_reaction_ms": 425.5, "memory_pct": null, "duration_min": 10, "game": "Taptap", "r1": 463.4, "r2": 386.6, "r3": 449.6}'::jsonb,
   '2025-10-12 08:21:00', '2025-10-12 08:36:00'),
  (120, 60, 2,
   '2025-10-12 08:27:00', '2025-10-12 08:37:00',
   56.25, 56,
   '{"avg_reaction_ms": null, "memory_pct": 56.25, "duration_min": 10, "game": "Memorama", "correct_hits": 9, "total_required": 16}'::jsonb,
   '2025-10-12 08:27:00', '2025-10-12 08:38:00'),
  (121, 61, 1,
   '2025-10-13 08:58:00', '2025-10-13 09:07:00',
   558.2, 9,
   '{"avg_reaction_ms": 558.2, "memory_pct": null, "duration_min": 9, "game": "Taptap", "r1": 514.4, "r2": 581.9, "r3": 551.9}'::jsonb,
   '2025-10-13 08:58:00', '2025-10-13 09:08:00'),
  (122, 61, 2,
   '2025-10-13 08:53:00', '2025-10-13 08:58:00',
   25.0, 25,
   '{"avg_reaction_ms": null, "memory_pct": 25.0, "duration_min": 5, "game": "Memorama", "correct_hits": 4, "total_required": 16}'::jsonb,
   '2025-10-13 08:53:00', '2025-10-13 09:00:00'),
  (123, 62, 1,
   '2025-10-14 08:37:00', '2025-10-14 08:45:00',
   409.5, 42,
   '{"avg_reaction_ms": 409.5, "memory_pct": null, "duration_min": 8, "game": "Taptap", "r1": 417.5, "r2": 392.7, "r3": 410.0}'::jsonb,
   '2025-10-14 08:37:00', '2025-10-14 08:49:00'),
  (124, 62, 2,
   '2025-10-14 08:32:00', '2025-10-14 08:36:00',
   81.25, 81,
   '{"avg_reaction_ms": null, "memory_pct": 81.25, "duration_min": 4, "game": "Memorama", "correct_hits": 13, "total_required": 16}'::jsonb,
   '2025-10-14 08:32:00', '2025-10-14 08:38:00'),
  (125, 63, 1,
   '2025-10-15 08:44:00', '2025-10-15 08:54:00',
   475.5, 27,
   '{"avg_reaction_ms": 475.5, "memory_pct": null, "duration_min": 10, "game": "Taptap", "r1": 467.3, "r2": 506.6, "r3": 465.9}'::jsonb,
   '2025-10-15 08:44:00', '2025-10-15 08:55:00'),
  (126, 63, 2,
   '2025-10-15 08:41:00', '2025-10-15 08:50:00',
   68.75, 68,
   '{"avg_reaction_ms": null, "memory_pct": 68.75, "duration_min": 9, "game": "Memorama", "correct_hits": 11, "total_required": 16}'::jsonb,
   '2025-10-15 08:41:00', '2025-10-15 08:53:00'),
  (127, 64, 1,
   '2025-10-10 08:22:00', '2025-10-10 08:27:00',
   449.3, 33,
   '{"avg_reaction_ms": 449.3, "memory_pct": null, "duration_min": 5, "game": "Taptap", "r1": 447.0, "r2": 412.6, "r3": 412.0}'::jsonb,
   '2025-10-10 08:22:00', '2025-10-10 08:31:00'),
  (128, 64, 2,
   '2025-10-10 08:14:00', '2025-10-10 08:22:00',
   62.5, 62,
   '{"avg_reaction_ms": null, "memory_pct": 62.5, "duration_min": 8, "game": "Memorama", "correct_hits": 10, "total_required": 16}'::jsonb,
   '2025-10-10 08:14:00', '2025-10-10 08:27:00'),
  (129, 65, 1,
   '2025-10-11 08:08:00', '2025-10-11 08:16:00',
   447.1, 33,
   '{"avg_reaction_ms": 447.1, "memory_pct": null, "duration_min": 8, "game": "Taptap", "r1": 439.1, "r2": 480.5, "r3": 486.5}'::jsonb,
   '2025-10-11 08:08:00', '2025-10-11 08:20:00'),
  (130, 65, 2,
   '2025-10-11 08:34:00', '2025-10-11 08:37:00',
   68.75, 68,
   '{"avg_reaction_ms": null, "memory_pct": 68.75, "duration_min": 3, "game": "Memorama", "correct_hits": 11, "total_required": 16}'::jsonb,
   '2025-10-11 08:34:00', '2025-10-11 08:42:00'),
  (131, 66, 1,
   '2025-10-12 08:48:00', '2025-10-12 08:56:00',
   252.4, 77,
   '{"avg_reaction_ms": 252.4, "memory_pct": null, "duration_min": 8, "game": "Taptap", "r1": 252.8, "r2": 235.0, "r3": 251.5}'::jsonb,
   '2025-10-12 08:48:00', '2025-10-12 08:57:00'),
  (132, 66, 2,
   '2025-10-12 08:50:00', '2025-10-12 08:58:00',
   81.25, 81,
   '{"avg_reaction_ms": null, "memory_pct": 81.25, "duration_min": 8, "game": "Memorama", "correct_hits": 13, "total_required": 16}'::jsonb,
   '2025-10-12 08:50:00', '2025-10-12 09:01:00'),
  (133, 67, 1,
   '2025-10-13 08:28:00', '2025-10-13 08:34:00',
   619.2, 0,
   '{"avg_reaction_ms": 619.2, "memory_pct": null, "duration_min": 6, "game": "Taptap", "r1": 661.9, "r2": 678.0, "r3": 658.6}'::jsonb,
   '2025-10-13 08:28:00', '2025-10-13 08:39:00'),
  (134, 67, 2,
   '2025-10-13 08:31:00', '2025-10-13 08:34:00',
   50.0, 50,
   '{"avg_reaction_ms": null, "memory_pct": 50.0, "duration_min": 3, "game": "Memorama", "correct_hits": 8, "total_required": 16}'::jsonb,
   '2025-10-13 08:31:00', '2025-10-13 08:37:00'),
  (135, 68, 1,
   '2025-10-14 08:17:00', '2025-10-14 08:22:00',
   395.5, 45,
   '{"avg_reaction_ms": 395.5, "memory_pct": null, "duration_min": 5, "game": "Taptap", "r1": 416.3, "r2": 428.8, "r3": 383.7}'::jsonb,
   '2025-10-14 08:17:00', '2025-10-14 08:24:00'),
  (136, 68, 2,
   '2025-10-14 08:44:00', '2025-10-14 08:49:00',
   81.25, 81,
   '{"avg_reaction_ms": null, "memory_pct": 81.25, "duration_min": 5, "game": "Memorama", "correct_hits": 13, "total_required": 16}'::jsonb,
   '2025-10-14 08:44:00', '2025-10-14 08:53:00'),
  (137, 69, 1,
   '2025-10-15 08:36:00', '2025-10-15 08:41:00',
   456.3, 31,
   '{"avg_reaction_ms": 456.3, "memory_pct": null, "duration_min": 5, "game": "Taptap", "r1": 499.4, "r2": 419.0, "r3": 459.1}'::jsonb,
   '2025-10-15 08:36:00', '2025-10-15 08:45:00'),
  (138, 69, 2,
   '2025-10-15 08:47:00', '2025-10-15 08:57:00',
   68.75, 68,
   '{"avg_reaction_ms": null, "memory_pct": 68.75, "duration_min": 10, "game": "Memorama", "correct_hits": 11, "total_required": 16}'::jsonb,
   '2025-10-15 08:47:00', '2025-10-15 08:59:00'),
  (139, 70, 1,
   '2025-10-16 08:32:00', '2025-10-16 08:39:00',
   453.8, 32,
   '{"avg_reaction_ms": 453.8, "memory_pct": null, "duration_min": 7, "game": "Taptap", "r1": 478.9, "r2": 459.9, "r3": 416.1}'::jsonb,
   '2025-10-16 08:32:00', '2025-10-16 08:40:00'),
  (140, 70, 2,
   '2025-10-16 08:25:00', '2025-10-16 08:30:00',
   81.25, 81,
   '{"avg_reaction_ms": null, "memory_pct": 81.25, "duration_min": 5, "game": "Memorama", "correct_hits": 13, "total_required": 16}'::jsonb,
   '2025-10-16 08:25:00', '2025-10-16 08:31:00');
SELECT setval('game_sessions_id_seq', 140);

-- ────────────────────────────────────────────────────────────────────
-- 6. MESSAGES  (1 por checkin = 70 + extras en milestone 10 días)
-- Textos idénticos a los del SP sp_registrar_checkin
-- ────────────────────────────────────────────────────────────────────
INSERT INTO message
  (id, id_daily_checkin, id_game_session, message, created_at, updated_at)
VALUES
  (1, 1, 1,
   'Semáforo Verde: alta capacidad cognitiva. Ideal para aprendizaje profundo.',
   '2025-10-01 08:10:00', '2025-10-01 08:20:00'),
  (2, 2, 3,
   'Tu energía está en niveles óptimos. ¡Es un buen momento para enfrentar tareas cognitivamente demandantes!',
   '2025-10-02 08:07:00', '2025-10-02 08:17:00'),
  (3, 3, 5,
   'Dormiste bien y tu ánimo es positivo. Aprovecha el día para tareas que requieran concentración.',
   '2025-10-03 08:05:00', '2025-10-03 08:15:00'),
  (4, 4, 7,
   'Dormiste bien y tu ánimo es positivo. Aprovecha el día para tareas que requieran concentración.',
   '2025-10-04 07:40:00', '2025-10-04 07:50:00'),
  (5, 5, 9,
   'Semáforo Verde: alta capacidad cognitiva. Ideal para aprendizaje profundo.',
   '2025-10-05 07:36:00', '2025-10-05 07:46:00'),
  (6, 6, 11,
   'Precaución: fatiga moderada detectada. Hidratación y pausas activas pueden ayudar.',
   '2025-10-06 07:54:00', '2025-10-06 08:04:00'),
  (7, 7, 13,
   'Dormiste bien y tu ánimo es positivo. Aprovecha el día para tareas que requieran concentración.',
   '2025-10-07 08:06:00', '2025-10-07 08:16:00'),
  (8, 8, 15,
   'Deuda de sueño significativa. Considera un descanso reparador hoy.',
   '2025-10-02 07:54:00', '2025-10-02 08:04:00'),
  (9, 9, 17,
   'Precaución: fatiga moderada detectada. Hidratación y pausas activas pueden ayudar.',
   '2025-10-03 08:14:00', '2025-10-03 08:24:00'),
  (10, 10, 19,
   'Alerta: sueño insuficiente detectado. Evita tareas de alta concentración hasta recuperarte.',
   '2025-10-04 07:54:00', '2025-10-04 08:04:00'),
  (11, 11, 21,
   'Precaución: fatiga moderada detectada. Hidratación y pausas activas pueden ayudar.',
   '2025-10-05 07:50:00', '2025-10-05 08:00:00'),
  (12, 12, 23,
   'Tienes fatiga moderada acumulada. Alterna períodos de estudio de 25 min con descansos de 5 min (Pomodoro).',
   '2025-10-06 07:55:00', '2025-10-06 08:05:00'),
  (13, 13, 25,
   'Deuda de sueño significativa. Considera un descanso reparador hoy.',
   '2025-10-07 08:05:00', '2025-10-07 08:15:00'),
  (14, 14, 27,
   'Tienes fatiga moderada acumulada. Alterna períodos de estudio de 25 min con descansos de 5 min (Pomodoro).',
   '2025-10-08 07:35:00', '2025-10-08 07:45:00'),
  (15, 15, 29,
   'Dormiste bien y tu ánimo es positivo. Aprovecha el día para tareas que requieran concentración.',
   '2025-10-03 08:08:00', '2025-10-03 08:18:00'),
  (16, 16, 31,
   'Dormiste bien y tu ánimo es positivo. Aprovecha el día para tareas que requieran concentración.',
   '2025-10-04 08:13:00', '2025-10-04 08:23:00'),
  (17, 17, 33,
   'Tu energía está en niveles óptimos. ¡Es un buen momento para enfrentar tareas cognitivamente demandantes!',
   '2025-10-05 07:57:00', '2025-10-05 08:07:00'),
  (18, 18, 35,
   'Dormiste bien y tu ánimo es positivo. Aprovecha el día para tareas que requieran concentración.',
   '2025-10-06 08:10:00', '2025-10-06 08:20:00'),
  (19, 19, 37,
   'Semáforo Verde: alta capacidad cognitiva. Ideal para aprendizaje profundo.',
   '2025-10-07 07:40:00', '2025-10-07 07:50:00'),
  (20, 20, 39,
   'Semáforo Verde: alta capacidad cognitiva. Ideal para aprendizaje profundo.',
   '2025-10-08 07:53:00', '2025-10-08 08:03:00'),
  (21, 21, 41,
   'Semáforo Verde: alta capacidad cognitiva. Ideal para aprendizaje profundo.',
   '2025-10-09 08:06:00', '2025-10-09 08:16:00'),
  (22, 22, 43,
   'Alerta: sueño insuficiente detectado. Evita tareas de alta concentración hasta recuperarte.',
   '2025-10-04 08:12:00', '2025-10-04 08:22:00'),
  (23, 23, 45,
   'Deuda de sueño significativa. Considera un descanso reparador hoy.',
   '2025-10-05 07:43:00', '2025-10-05 07:53:00'),
  (24, 24, 47,
   'Deuda de sueño significativa. Considera un descanso reparador hoy.',
   '2025-10-06 08:03:00', '2025-10-06 08:13:00'),
  (25, 25, 49,
   'Alerta: sueño insuficiente detectado. Evita tareas de alta concentración hasta recuperarte.',
   '2025-10-07 08:07:00', '2025-10-07 08:17:00'),
  (26, 26, 51,
   'Tu nivel de agotamiento es alto. Prioriza descanso antes de intentar tareas complejas. Tu cerebro lo necesita.',
   '2025-10-08 08:02:00', '2025-10-08 08:12:00'),
  (27, 27, 53,
   'Tu nivel de agotamiento es alto. Prioriza descanso antes de intentar tareas complejas. Tu cerebro lo necesita.',
   '2025-10-09 07:45:00', '2025-10-09 07:55:00'),
  (28, 28, 55,
   'Alerta: sueño insuficiente detectado. Evita tareas de alta concentración hasta recuperarte.',
   '2025-10-10 07:33:00', '2025-10-10 07:43:00'),
  (29, 29, 57,
   'Semáforo Verde: alta capacidad cognitiva. Ideal para aprendizaje profundo.',
   '2025-10-05 07:45:00', '2025-10-05 07:55:00'),
  (30, 30, 59,
   'Tu energía está en niveles óptimos. ¡Es un buen momento para enfrentar tareas cognitivamente demandantes!',
   '2025-10-06 07:58:00', '2025-10-06 08:08:00'),
  (31, 31, 61,
   'Tu energía está en niveles óptimos. ¡Es un buen momento para enfrentar tareas cognitivamente demandantes!',
   '2025-10-07 07:35:00', '2025-10-07 07:45:00'),
  (32, 32, 63,
   'Tu energía está en niveles óptimos. ¡Es un buen momento para enfrentar tareas cognitivamente demandantes!',
   '2025-10-08 07:40:00', '2025-10-08 07:50:00'),
  (33, 33, 65,
   'Precaución: fatiga moderada detectada. Hidratación y pausas activas pueden ayudar.',
   '2025-10-09 07:39:00', '2025-10-09 07:49:00'),
  (34, 34, 67,
   'Tu energía está en niveles óptimos. ¡Es un buen momento para enfrentar tareas cognitivamente demandantes!',
   '2025-10-10 07:33:00', '2025-10-10 07:43:00'),
  (35, 35, 69,
   'Tu energía está en niveles óptimos. ¡Es un buen momento para enfrentar tareas cognitivamente demandantes!',
   '2025-10-11 07:41:00', '2025-10-11 07:51:00'),
  (36, 36, 71,
   'Alerta: sueño insuficiente detectado. Evita tareas de alta concentración hasta recuperarte.',
   '2025-10-06 08:09:00', '2025-10-06 08:19:00'),
  (37, 37, 73,
   'Precaución: fatiga moderada detectada. Hidratación y pausas activas pueden ayudar.',
   '2025-10-07 07:45:00', '2025-10-07 07:55:00'),
  (38, 38, 75,
   'Precaución: fatiga moderada detectada. Hidratación y pausas activas pueden ayudar.',
   '2025-10-08 07:34:00', '2025-10-08 07:44:00'),
  (39, 39, 77,
   'Tienes fatiga moderada acumulada. Alterna períodos de estudio de 25 min con descansos de 5 min (Pomodoro).',
   '2025-10-09 07:45:00', '2025-10-09 07:55:00'),
  (40, 40, 79,
   'Tienes fatiga moderada acumulada. Alterna períodos de estudio de 25 min con descansos de 5 min (Pomodoro).',
   '2025-10-10 08:12:00', '2025-10-10 08:22:00'),
  (41, 41, 81,
   'Alerta: sueño insuficiente detectado. Evita tareas de alta concentración hasta recuperarte.',
   '2025-10-11 07:37:00', '2025-10-11 07:47:00'),
  (42, 42, 83,
   'Rendimiento cognitivo levemente reducido. Evita tomar decisiones importantes sin descanso previo.',
   '2025-10-12 08:13:00', '2025-10-12 08:23:00'),
  (43, 43, 85,
   'Alerta: sueño insuficiente detectado. Evita tareas de alta concentración hasta recuperarte.',
   '2025-10-07 07:35:00', '2025-10-07 07:45:00'),
  (44, 44, 87,
   'Tu nivel de agotamiento es alto. Prioriza descanso antes de intentar tareas complejas. Tu cerebro lo necesita.',
   '2025-10-08 08:05:00', '2025-10-08 08:15:00'),
  (45, 45, 89,
   'Tu nivel de agotamiento es alto. Prioriza descanso antes de intentar tareas complejas. Tu cerebro lo necesita.',
   '2025-10-09 08:04:00', '2025-10-09 08:14:00'),
  (46, 46, 91,
   'Alerta: sueño insuficiente detectado. Evita tareas de alta concentración hasta recuperarte.',
   '2025-10-10 07:52:00', '2025-10-10 08:02:00'),
  (47, 47, 93,
   'Deuda de sueño significativa. Considera un descanso reparador hoy.',
   '2025-10-11 08:09:00', '2025-10-11 08:19:00'),
  (48, 48, 95,
   'Deuda de sueño significativa. Considera un descanso reparador hoy.',
   '2025-10-12 07:56:00', '2025-10-12 08:06:00'),
  (49, 49, 97,
   'Tu nivel de agotamiento es alto. Prioriza descanso antes de intentar tareas complejas. Tu cerebro lo necesita.',
   '2025-10-13 07:54:00', '2025-10-13 08:04:00'),
  (50, 50, 99,
   'Rendimiento cognitivo levemente reducido. Evita tomar decisiones importantes sin descanso previo.',
   '2025-10-08 07:44:00', '2025-10-08 07:54:00'),
  (51, 51, 101,
   'Semáforo Verde: alta capacidad cognitiva. Ideal para aprendizaje profundo.',
   '2025-10-09 07:47:00', '2025-10-09 07:57:00'),
  (52, 52, 103,
   'Semáforo Verde: alta capacidad cognitiva. Ideal para aprendizaje profundo.',
   '2025-10-10 07:41:00', '2025-10-10 07:51:00'),
  (53, 53, 105,
   'Precaución: fatiga moderada detectada. Hidratación y pausas activas pueden ayudar.',
   '2025-10-11 07:50:00', '2025-10-11 08:00:00'),
  (54, 54, 107,
   'Tu energía está en niveles óptimos. ¡Es un buen momento para enfrentar tareas cognitivamente demandantes!',
   '2025-10-12 07:30:00', '2025-10-12 07:40:00'),
  (55, 55, 109,
   'Precaución: fatiga moderada detectada. Hidratación y pausas activas pueden ayudar.',
   '2025-10-13 07:53:00', '2025-10-13 08:03:00'),
  (56, 56, 111,
   'Semáforo Verde: alta capacidad cognitiva. Ideal para aprendizaje profundo.',
   '2025-10-14 08:02:00', '2025-10-14 08:12:00'),
  (57, 57, 113,
   'Tienes fatiga moderada acumulada. Alterna períodos de estudio de 25 min con descansos de 5 min (Pomodoro).',
   '2025-10-09 07:42:00', '2025-10-09 07:52:00'),
  (58, 58, 115,
   'Dormiste bien y tu ánimo es positivo. Aprovecha el día para tareas que requieran concentración.',
   '2025-10-10 08:05:00', '2025-10-10 08:15:00'),
  (59, 59, 117,
   'Tienes fatiga moderada acumulada. Alterna períodos de estudio de 25 min con descansos de 5 min (Pomodoro).',
   '2025-10-11 07:59:00', '2025-10-11 08:09:00'),
  (60, 60, 119,
   'Precaución: fatiga moderada detectada. Hidratación y pausas activas pueden ayudar.',
   '2025-10-12 07:48:00', '2025-10-12 07:58:00'),
  (61, 61, 121,
   'Tu nivel de agotamiento es alto. Prioriza descanso antes de intentar tareas complejas. Tu cerebro lo necesita.',
   '2025-10-13 08:13:00', '2025-10-13 08:23:00'),
  (62, 62, 123,
   'Precaución: fatiga moderada detectada. Hidratación y pausas activas pueden ayudar.',
   '2025-10-14 07:59:00', '2025-10-14 08:09:00'),
  (63, 63, 125,
   'Rendimiento cognitivo levemente reducido. Evita tomar decisiones importantes sin descanso previo.',
   '2025-10-15 08:01:00', '2025-10-15 08:11:00'),
  (64, 64, 127,
   'Precaución: fatiga moderada detectada. Hidratación y pausas activas pueden ayudar.',
   '2025-10-10 07:41:00', '2025-10-10 07:51:00'),
  (65, 65, 129,
   'Rendimiento cognitivo levemente reducido. Evita tomar decisiones importantes sin descanso previo.',
   '2025-10-11 07:37:00', '2025-10-11 07:47:00'),
  (66, 66, 131,
   'Dormiste bien y tu ánimo es positivo. Aprovecha el día para tareas que requieran concentración.',
   '2025-10-12 08:09:00', '2025-10-12 08:19:00'),
  (67, 67, 133,
   'Deuda de sueño significativa. Considera un descanso reparador hoy.',
   '2025-10-13 07:40:00', '2025-10-13 07:50:00'),
  (68, 68, 135,
   'Rendimiento cognitivo levemente reducido. Evita tomar decisiones importantes sin descanso previo.',
   '2025-10-14 07:47:00', '2025-10-14 07:57:00'),
  (69, 69, 137,
   'Precaución: fatiga moderada detectada. Hidratación y pausas activas pueden ayudar.',
   '2025-10-15 08:04:00', '2025-10-15 08:14:00'),
  (70, 70, 139,
   'Precaución: fatiga moderada detectada. Hidratación y pausas activas pueden ayudar.',
   '2025-10-16 07:51:00', '2025-10-16 08:01:00'),
  (71, 7, NULL,
   '¡Llevas 10 días consecutivos! Es momento de responder la encuesta de seguimiento.',
   '2025-10-07 08:21:00', '2025-10-07 08:26:00'),
  (72, 21, NULL,
   '¡Llevas 10 días consecutivos! Es momento de responder la encuesta de seguimiento.',
   '2025-10-09 08:21:00', '2025-10-09 08:26:00'),
  (73, 35, NULL,
   '¡Llevas 10 días consecutivos! Es momento de responder la encuesta de seguimiento.',
   '2025-10-11 07:56:00', '2025-10-11 08:01:00'),
  (74, 56, NULL,
   '¡Llevas 10 días consecutivos! Es momento de responder la encuesta de seguimiento.',
   '2025-10-14 08:17:00', '2025-10-14 08:22:00');
SELECT setval('message_id_seq', 74);

-- ────────────────────────────────────────────────────────────────────
-- 7. SURVEY_RESPONSE
-- Hitos 10 y 20 — respuestas alineadas al perfil de sueño del usuario
-- q1=semaforo_coincide  q2=modifico_actividades  q3=precision_minijuegos
-- q4=intento_dormir_mas q5=evito_burnout   (escala 1-5)
-- UNIQUE (id_user, streak_milestone) → máx 2 filas por usuario
-- ────────────────────────────────────────────────────────────────────
INSERT INTO survey_response
  (id, id_user, streak_milestone, answers,
   avg_sleep_last10, avg_battery_last10, answered_at, updated_at)
VALUES
  (1, 1, 10,
   '{"q1": 3, "q2": 4, "q3": 3, "q4": 4, "q5": 3}'::jsonb,
   8.2, 83.54,
   '2025-10-11 21:00:00', '2025-10-11 21:16:00'),
  (2, 1, 20,
   '{"q1": 3, "q2": 4, "q3": 3, "q4": 3, "q5": 4}'::jsonb,
   7.88, 80.72,
   '2025-10-21 16:00:00', '2025-10-21 16:14:00'),
  (3, 2, 10,
   '{"q1": 4, "q2": 3, "q3": 2, "q4": 3, "q5": 2}'::jsonb,
   5.91, 58.46,
   '2025-10-12 18:00:00', '2025-10-12 18:21:00'),
  (4, 2, 20,
   '{"q1": 2, "q2": 3, "q3": 3, "q4": 4, "q5": 4}'::jsonb,
   6.94, 48.14,
   '2025-10-22 12:00:00', '2025-10-22 12:13:00'),
  (5, 3, 10,
   '{"q1": 3, "q2": 3, "q3": 5, "q4": 3, "q5": 5}'::jsonb,
   7.11, 93.54,
   '2025-10-13 20:00:00', '2025-10-13 20:20:00'),
  (6, 3, 20,
   '{"q1": 4, "q2": 5, "q3": 5, "q4": 4, "q5": 5}'::jsonb,
   8.39, 81.93,
   '2025-10-23 20:00:00', '2025-10-23 20:24:00'),
  (7, 4, 10,
   '{"q1": 2, "q2": 3, "q3": 2, "q4": 1, "q5": 2}'::jsonb,
   4.12, 29.5,
   '2025-10-14 14:00:00', '2025-10-14 14:30:00'),
  (8, 4, 20,
   '{"q1": 2, "q2": 3, "q3": 1, "q4": 2, "q5": 3}'::jsonb,
   4.13, 30.01,
   '2025-10-24 10:00:00', '2025-10-24 10:06:00'),
  (9, 5, 10,
   '{"q1": 4, "q2": 4, "q3": 3, "q4": 5, "q5": 3}'::jsonb,
   7.92, 80.21,
   '2025-10-15 17:00:00', '2025-10-15 17:23:00'),
  (10, 5, 20,
   '{"q1": 5, "q2": 5, "q3": 3, "q4": 4, "q5": 5}'::jsonb,
   7.98, 74.65,
   '2025-10-25 17:00:00', '2025-10-25 17:21:00'),
  (11, 6, 10,
   '{"q1": 2, "q2": 2, "q3": 3, "q4": 2, "q5": 3}'::jsonb,
   7.18, 44.19,
   '2025-10-16 20:00:00', '2025-10-16 20:10:00'),
  (12, 6, 20,
   '{"q1": 2, "q2": 2, "q3": 4, "q4": 3, "q5": 3}'::jsonb,
   6.53, 57.85,
   '2025-10-26 15:00:00', '2025-10-26 15:16:00'),
  (13, 7, 10,
   '{"q1": 2, "q2": 2, "q3": 2, "q4": 2, "q5": 3}'::jsonb,
   5.08, 38.52,
   '2025-10-17 20:00:00', '2025-10-17 20:15:00'),
  (14, 7, 20,
   '{"q1": 1, "q2": 2, "q3": 1, "q4": 3, "q5": 3}'::jsonb,
   4.7, 24.55,
   '2025-10-27 20:00:00', '2025-10-27 20:24:00'),
  (15, 8, 10,
   '{"q1": 3, "q2": 4, "q3": 3, "q4": 5, "q5": 5}'::jsonb,
   7.21, 75.49,
   '2025-10-18 20:00:00', '2025-10-18 20:27:00'),
  (16, 8, 20,
   '{"q1": 5, "q2": 4, "q3": 3, "q4": 5, "q5": 5}'::jsonb,
   8.41, 74.29,
   '2025-10-28 16:00:00', '2025-10-28 16:25:00'),
  (17, 9, 10,
   '{"q1": 3, "q2": 2, "q3": 4, "q4": 4, "q5": 4}'::jsonb,
   7.2, 65.72,
   '2025-10-19 11:00:00', '2025-10-19 11:25:00'),
  (18, 9, 20,
   '{"q1": 4, "q2": 3, "q3": 4, "q4": 3, "q5": 2}'::jsonb,
   6.31, 46.69,
   '2025-10-29 13:00:00', '2025-10-29 13:15:00'),
  (19, 10, 10,
   '{"q1": 3, "q2": 2, "q3": 2, "q4": 2, "q5": 2}'::jsonb,
   5.91, 63.96,
   '2025-10-20 11:00:00', '2025-10-20 11:21:00'),
  (20, 10, 20,
   '{"q1": 4, "q2": 4, "q3": 4, "q4": 2, "q5": 4}'::jsonb,
   6.27, 61.92,
   '2025-10-30 12:00:00', '2025-10-30 12:24:00');
SELECT setval('survey_response_id_seq', 20);

COMMIT;
