BEGIN;

INSERT INTO rol (id, rol) VALUES
  (1, 'Trabajador'), (2, 'Estudiante'), (3, 'Estudia y Trabaja')
ON CONFLICT (id) DO NOTHING;
SELECT setval('rol_id_seq', 3);

INSERT INTO mood (id, mood) VALUES
  (1, 'Exhausto'), (2, 'Triste'), (3, 'Neutral'), (4, 'Feliz'), (5, 'Excelente')
ON CONFLICT (id) DO NOTHING;
SELECT setval('mood_id_seq', 5);

INSERT INTO semaphore (id, color, description) VALUES
  (1, 'Verde',    'Óptimo: Alta capacidad cognitiva y bajo estrés.'),
  (2, 'Amarillo', 'Precaución: Fatiga moderada o estrés acumulado. Necesita descanso leve.'),
  (3, 'Rojo',     'Peligro: Agotamiento o alta deuda de sueño. Priorizar descanso inmediato.')
ON CONFLICT (id) DO NOTHING;
SELECT setval('semaphore_id_seq', 3);

INSERT INTO game (id, name) VALUES
  (1, 'Taptap'), (2, 'Memorama')
ON CONFLICT (id) DO NOTHING;
SELECT setval('game_id_seq', 2);

-- 2. USERS
INSERT INTO users
  (id, name, last_name, email, password, date_of_birth, gender,
   id_rol, created_at, updated_at, ideal_sleep_hours)
VALUES
  (1, 'Sofía', 'García Ramírez', 'sofia.garcia1@gmail.com',
   '$2b$12$seed_hash_001',
   '2001-04-20', 'Femenino', 1,
   '2025-09-01 09:00:00', '2025-09-08 09:00:00', 7.5),
  (2, 'Valentina', 'Martínez Flores', 'valentina.m2@outlook.com',
   '$2b$12$seed_hash_002',
   '2001-09-22', 'Femenino', 2,
   '2025-09-04 10:00:00', '2025-09-11 10:00:00', 8.0),
  (3, 'Carlos', 'López Torres', 'carlos.lopez3@upchiapas.edu.mx',
   '$2b$12$seed_hash_003',
   '2000-03-15', 'Masculino', 3,
   '2025-09-07 11:00:00', '2025-09-14 11:00:00', 7.0),
  (4, 'Diego', 'Hernández Rivera', 'diego.hernandez4@hotmail.com',
   '$2b$12$seed_hash_004',
   '1999-11-06', 'Masculino', 1,
   '2025-09-10 12:00:00', '2025-09-17 12:00:00', 8.5),
  (5, 'Lucía', 'González Morales', 'lucia.gonzalez5@gmail.com',
   '$2b$12$seed_hash_005',
   '2002-06-13', 'Femenino', 2,
   '2025-09-13 13:00:00', '2025-09-20 13:00:00', 7.2),
  (6, 'Andrés', 'Pérez Jiménez', 'andres.perez6@yahoo.com',
   '$2b$12$seed_hash_006',
   '2000-02-28', 'Masculino', 1,
   '2025-09-16 14:00:00', '2025-09-23 14:00:00', 8.0),
  (7, 'Fernanda', 'Rodríguez Ruiz', 'fernanda.r7@icloud.com',
   '$2b$12$seed_hash_007',
   '1998-12-01', 'Femenino', 3,
   '2025-09-19 15:00:00', '2025-09-26 15:00:00', 6.5),
  (8, 'Miguel', 'Sánchez Díaz', 'miguel.sanchez8@upchiapas.edu.mx',
   '$2b$12$seed_hash_008',
   '2003-07-19', 'Masculino', 2,
   '2025-09-22 16:00:00', '2025-09-29 16:00:00', 9.0),
  (9, 'Andrea', 'Ramírez Vásquez', 'andrea.ramirez9@outlook.com',
   '$2b$12$seed_hash_009',
   '2001-03-10', 'No binario', 1,
   '2025-09-25 17:00:00', '2025-10-02 17:00:00', 7.5),
  (10, 'Mariana', 'Flores Mendoza', 'mariana.flores10@gmail.com',
   '$2b$12$seed_hash_010',
   '2000-11-25', 'Femenino', 2,
   '2025-09-28 18:00:00', '2025-10-05 18:00:00', 8.0);
SELECT setval('users_id_seq', 10);

-- 3. STREAKS_HISTORY (2 rachas × usuario)
INSERT INTO streaks_history
  (id, user_id, start_date, end_date, days_count, created_at, updated_at)
VALUES
  (1, 1, '2025-09-10', '2025-09-20', 10,
   '2025-09-10 07:00:00', '2025-09-20 07:00:00'),
  (2, 1, '2025-09-23', '2025-09-28', 5,
   '2025-09-23 07:00:00', '2025-09-28 07:00:00'),
  (3, 2, '2025-09-12', '2025-09-19', 7,
   '2025-09-12 07:00:00', '2025-09-19 07:00:00'),
  (4, 2, '2025-09-22', '2025-09-28', 6,
   '2025-09-22 07:00:00', '2025-09-28 07:00:00'),
  (5, 3, '2025-09-14', '2025-09-28', 14,
   '2025-09-14 07:00:00', '2025-09-28 07:00:00'),
  (6, 3, '2025-10-01', '2025-10-08', 7,
   '2025-10-01 07:00:00', '2025-10-08 07:00:00'),
  (7, 4, '2025-09-16', '2025-09-28', 12,
   '2025-09-16 07:00:00', '2025-09-28 07:00:00'),
  (8, 4, '2025-10-01', '2025-10-09', 8,
   '2025-10-01 07:00:00', '2025-10-09 07:00:00'),
  (9, 5, '2025-09-18', '2025-09-28', 10,
   '2025-09-18 07:00:00', '2025-09-28 07:00:00'),
  (10, 5, '2025-10-01', '2025-10-06', 5,
   '2025-10-01 07:00:00', '2025-10-06 07:00:00'),
  (11, 6, '2025-09-20', '2025-09-28', 8,
   '2025-09-20 07:00:00', '2025-09-28 07:00:00'),
  (12, 6, '2025-10-01', '2025-10-05', 4,
   '2025-10-01 07:00:00', '2025-10-05 07:00:00'),
  (13, 7, '2025-09-22', '2025-10-03', 11,
   '2025-09-22 07:00:00', '2025-10-03 07:00:00'),
  (14, 7, '2025-10-06', '2025-10-12', 6,
   '2025-10-06 07:00:00', '2025-10-12 07:00:00'),
  (15, 8, '2025-09-24', '2025-10-09', 15,
   '2025-09-24 07:00:00', '2025-10-09 07:00:00'),
  (16, 8, '2025-10-12', '2025-10-19', 7,
   '2025-10-12 07:00:00', '2025-10-19 07:00:00'),
  (17, 9, '2025-09-26', '2025-10-05', 9,
   '2025-09-26 07:00:00', '2025-10-05 07:00:00'),
  (18, 9, '2025-10-08', '2025-10-13', 5,
   '2025-10-08 07:00:00', '2025-10-13 07:00:00'),
  (19, 10, '2025-09-28', '2025-10-08', 10,
   '2025-09-28 07:00:00', '2025-10-08 07:00:00'),
  (20, 10, '2025-10-11', '2025-10-17', 6,
   '2025-10-11 07:00:00', '2025-10-17 07:00:00');
SELECT setval('streaks_history_id_seq', 20);

-- 4. DAILY_CHECKIN (14 días × usuario — rango 13 días)
-- FIX: Sep 10 → Sep 23; últimos 3 días en Nov para sp_consolidar_mensual
-- id_semaphore = misma lógica de fn_calculate_semaphore
INSERT INTO daily_checkin
  (id, id_user, sleep_start, sleep_end, hours_sleep, id_mood,
   id_semaphore, date_time, updated_at, sleep_debt, battery_cog, fatigue)
VALUES
  (1, 1, '21:43', '05:47', 8.3, 4,
   1, '2025-09-10 07:40:00',
   '2025-09-10 09:40:00', 0.0, 76, 23),
  (2, 1, '21:05', '05:13', 8.2, 3,
   2, '2025-09-11 07:34:00',
   '2025-09-11 09:34:00', 0.0, 55, 31),
  (3, 1, '23:26', '06:14', 7.7, 4,
   1, '2025-09-12 07:14:00',
   '2025-09-12 09:14:00', 0.0, 92, 22),
  (4, 1, '21:48', '04:51', 7.8, 5,
   1, '2025-09-13 07:28:00',
   '2025-09-13 09:28:00', 0.0, 97, 27),
  (5, 1, '21:05', '04:24', 7.7, 4,
   1, '2025-09-14 07:10:00',
   '2025-09-14 09:10:00', 0.0, 96, 10),
  (6, 1, '22:51', '05:02', 7.5, 4,
   1, '2025-09-15 07:06:00',
   '2025-09-15 09:06:00', 0.0, 83, 19),
  (7, 1, '23:39', '05:56', 6.8, 4,
   1, '2025-09-16 07:29:00',
   '2025-09-16 09:29:00', 0.7, 89, 9),
  (8, 1, '21:42', '04:14', 7.6, 5,
   1, '2025-09-17 07:23:00',
   '2025-09-17 09:23:00', 0.0, 94, 2),
  (9, 1, '22:40', '06:53', 8.6, 5,
   1, '2025-09-18 07:18:00',
   '2025-09-18 09:18:00', 0.0, 84, 8),
  (10, 1, '23:17', '06:44', 7.7, 4,
   1, '2025-09-19 07:23:00',
   '2025-09-19 09:23:00', 0.0, 83, 6),
  (11, 1, '21:29', '04:24', 7.5, 4,
   1, '2025-09-20 07:43:00',
   '2025-09-20 09:43:00', 0.0, 95, 7),
  (12, 1, '23:14', '06:43', 7.4, 5,
   1, '2025-11-01 07:17:00',
   '2025-11-01 09:17:00', 0.1, 92, 22),
  (13, 1, '22:25', '06:17', 8.2, 4,
   1, '2025-11-02 07:20:00',
   '2025-11-02 09:20:00', 0.0, 73, 25),
  (14, 1, '23:20', '06:13', 7.2, 4,
   1, '2025-11-03 07:04:00',
   '2025-11-03 09:04:00', 0.3, 90, 28),
  (15, 2, '21:15', '01:47', 4.3, 3,
   3, '2025-09-10 07:41:00',
   '2025-09-10 09:41:00', 3.7, 19, 78),
  (16, 2, '22:57', '04:37', 6.0, 3,
   2, '2025-09-11 07:35:00',
   '2025-09-11 09:35:00', 2.0, 65, 48),
  (17, 2, '21:55', '01:07', 4.2, 2,
   3, '2025-09-12 07:25:00',
   '2025-09-12 09:25:00', 3.8, 41, 67),
  (18, 2, '22:38', '06:04', 8.1, 3,
   2, '2025-09-13 07:09:00',
   '2025-09-13 09:09:00', 0.0, 67, 51),
  (19, 2, '23:56', '03:34', 4.0, 3,
   3, '2025-09-14 07:24:00',
   '2025-09-14 09:24:00', 4.0, 10, 69),
  (20, 2, '22:27', '05:10', 7.8, 4,
   1, '2025-09-15 07:17:00',
   '2025-09-15 09:17:00', 0.2, 82, 3),
  (21, 2, '21:32', '04:58', 7.3, 4,
   1, '2025-09-16 07:29:00',
   '2025-09-16 09:29:00', 0.7, 88, 24),
  (22, 2, '23:32', '05:38', 6.0, 4,
   2, '2025-09-17 07:06:00',
   '2025-09-17 09:06:00', 2.0, 51, 56),
  (23, 2, '21:38', '03:20', 6.8, 3,
   2, '2025-09-18 07:12:00',
   '2025-09-18 09:12:00', 1.2, 66, 46),
  (24, 2, '21:03', '04:15', 7.1, 2,
   3, '2025-09-19 07:31:00',
   '2025-09-19 09:31:00', 0.9, 33, 81),
  (25, 2, '23:49', '05:08', 6.3, 3,
   2, '2025-09-20 07:36:00',
   '2025-09-20 09:36:00', 1.7, 44, 54),
  (26, 2, '22:33', '03:55', 5.9, 3,
   2, '2025-11-01 07:08:00',
   '2025-11-01 09:08:00', 2.1, 59, 35),
  (27, 2, '21:45', '02:19', 5.5, 3,
   2, '2025-11-02 07:38:00',
   '2025-11-02 09:38:00', 2.5, 65, 52),
  (28, 2, '22:57', '04:33', 6.3, 4,
   2, '2025-11-03 07:25:00',
   '2025-11-03 09:25:00', 1.7, 62, 41),
  (29, 3, '21:37', '05:14', 8.4, 4,
   1, '2025-09-10 07:28:00',
   '2025-09-10 09:28:00', 0.0, 90, 17),
  (30, 3, '21:04', '05:57', 8.3, 3,
   2, '2025-09-11 07:00:00',
   '2025-09-11 09:00:00', 0.0, 62, 31),
  (31, 3, '21:34', '05:08', 8.3, 4,
   1, '2025-09-12 07:02:00',
   '2025-09-12 09:02:00', 0.0, 93, 15),
  (32, 3, '22:51', '06:26', 8.1, 5,
   1, '2025-09-13 07:36:00',
   '2025-09-13 09:36:00', 0.0, 79, 25),
  (33, 3, '23:03', '07:43', 8.6, 4,
   1, '2025-09-14 07:12:00',
   '2025-09-14 09:12:00', 0.0, 85, 14),
  (34, 3, '22:46', '06:21', 8.4, 5,
   1, '2025-09-15 07:41:00',
   '2025-09-15 09:41:00', 0.0, 75, 1),
  (35, 3, '22:29', '06:15', 8.2, 4,
   1, '2025-09-16 07:06:00',
   '2025-09-16 09:06:00', 0.0, 85, 5),
  (36, 3, '23:06', '07:03', 8.4, 4,
   1, '2025-09-17 07:04:00',
   '2025-09-17 09:04:00', 0.0, 99, 27),
  (37, 3, '21:10', '05:26', 8.8, 5,
   1, '2025-09-18 07:41:00',
   '2025-09-18 09:41:00', 0.0, 96, 27),
  (38, 3, '21:10', '05:24', 8.2, 4,
   1, '2025-09-19 07:31:00',
   '2025-09-19 09:31:00', 0.0, 99, 12),
  (39, 3, '22:44', '06:46', 8.4, 5,
   1, '2025-09-20 07:00:00',
   '2025-09-20 09:00:00', 0.0, 86, 9),
  (40, 3, '21:18', '05:13', 8.2, 5,
   1, '2025-11-01 07:35:00',
   '2025-11-01 09:35:00', 0.0, 87, 4),
  (41, 3, '23:30', '06:32', 7.9, 5,
   1, '2025-11-02 07:03:00',
   '2025-11-02 09:03:00', 0.0, 73, 1),
  (42, 3, '21:04', '05:38', 8.0, 4,
   1, '2025-11-03 07:33:00',
   '2025-11-03 09:33:00', 0.0, 88, 2),
  (43, 4, '23:02', '03:39', 4.7, 1,
   3, '2025-09-10 07:04:00',
   '2025-09-10 09:04:00', 3.8, 25, 99),
  (44, 4, '21:42', '01:45', 4.3, 1,
   3, '2025-09-11 07:05:00',
   '2025-09-11 09:05:00', 4.2, 30, 78),
  (45, 4, '22:59', '03:48', 5.1, 2,
   3, '2025-09-12 07:20:00',
   '2025-09-12 09:20:00', 3.4, 29, 91),
  (46, 4, '23:13', '05:32', 6.0, 1,
   3, '2025-09-13 07:04:00',
   '2025-09-13 09:04:00', 2.5, 16, 66),
  (47, 4, '22:10', '03:28', 5.6, 1,
   3, '2025-09-14 07:16:00',
   '2025-09-14 09:16:00', 2.9, 25, 85),
  (48, 4, '22:59', '03:42', 5.7, 2,
   3, '2025-09-15 07:34:00',
   '2025-09-15 09:34:00', 2.8, 10, 97),
  (49, 4, '21:17', '02:18', 5.5, 1,
   3, '2025-09-16 07:06:00',
   '2025-09-16 09:06:00', 3.0, 16, 97),
  (50, 4, '23:40', '03:54', 4.8, 1,
   3, '2025-09-17 07:38:00',
   '2025-09-17 09:38:00', 3.7, 31, 75),
  (51, 4, '23:27', '03:53', 4.2, 3,
   3, '2025-09-18 07:16:00',
   '2025-09-18 09:16:00', 4.3, 13, 67),
  (52, 4, '23:16', '04:10', 5.0, 1,
   3, '2025-09-19 07:17:00',
   '2025-09-19 09:17:00', 3.5, 31, 70),
  (53, 4, '23:02', '03:53', 4.0, 1,
   3, '2025-09-20 07:28:00',
   '2025-09-20 09:28:00', 4.5, 14, 71),
  (54, 4, '21:02', '01:19', 4.7, 2,
   3, '2025-11-01 07:23:00',
   '2025-11-01 09:23:00', 3.8, 19, 89),
  (55, 4, '21:43', '03:15', 6.4, 3,
   2, '2025-11-02 07:23:00',
   '2025-11-02 09:23:00', 2.1, 70, 41),
  (56, 4, '21:55', '00:10', 3.9, 1,
   3, '2025-11-03 07:42:00',
   '2025-11-03 09:42:00', 4.6, 36, 71),
  (57, 5, '22:51', '05:42', 7.6, 5,
   1, '2025-09-10 07:11:00',
   '2025-09-10 09:11:00', 0.0, 82, 25),
  (58, 5, '21:24', '04:55', 7.4, 4,
   1, '2025-09-11 07:15:00',
   '2025-09-11 09:15:00', 0.0, 97, 22),
  (59, 5, '22:52', '05:50', 7.7, 5,
   1, '2025-09-12 07:02:00',
   '2025-09-12 09:02:00', 0.0, 86, 11),
  (60, 5, '22:21', '05:17', 7.2, 4,
   1, '2025-09-13 07:14:00',
   '2025-09-13 09:14:00', 0.0, 93, 6),
  (61, 5, '23:21', '06:01', 7.9, 5,
   1, '2025-09-14 07:04:00',
   '2025-09-14 09:04:00', 0.0, 84, 21),
  (62, 5, '23:16', '06:02', 7.4, 5,
   1, '2025-09-15 07:07:00',
   '2025-09-15 09:07:00', 0.0, 80, 5),
  (63, 5, '23:07', '06:24', 7.1, 5,
   1, '2025-09-16 07:06:00',
   '2025-09-16 09:06:00', 0.1, 85, 19),
  (64, 5, '22:00', '05:33', 7.2, 4,
   1, '2025-09-17 07:36:00',
   '2025-09-17 09:36:00', 0.0, 73, 22),
  (65, 5, '22:04', '05:42', 7.0, 5,
   1, '2025-09-18 07:34:00',
   '2025-09-18 09:34:00', 0.2, 78, 11),
  (66, 5, '21:46', '03:57', 6.4, 5,
   2, '2025-09-19 07:21:00',
   '2025-09-19 09:21:00', 0.8, 63, 57),
  (67, 5, '23:08', '05:12', 6.8, 4,
   1, '2025-09-20 07:19:00',
   '2025-09-20 09:19:00', 0.4, 94, 9),
  (68, 5, '23:57', '06:11', 7.5, 5,
   1, '2025-11-01 07:26:00',
   '2025-11-01 09:26:00', 0.0, 84, 21),
  (69, 5, '21:27', '04:50', 7.0, 5,
   1, '2025-11-02 07:39:00',
   '2025-11-02 09:39:00', 0.2, 81, 9),
  (70, 5, '22:28', '05:43', 7.3, 5,
   1, '2025-11-03 07:37:00',
   '2025-11-03 09:37:00', 0.0, 82, 14),
  (71, 6, '23:05', '04:18', 5.3, 4,
   2, '2025-09-10 07:13:00',
   '2025-09-10 09:13:00', 2.7, 65, 35),
  (72, 6, '21:52', '03:48', 6.4, 3,
   2, '2025-09-11 07:32:00',
   '2025-09-11 09:32:00', 1.6, 61, 40),
  (73, 6, '21:30', '03:39', 6.3, 2,
   3, '2025-09-12 07:15:00',
   '2025-09-12 09:15:00', 1.7, 11, 64),
  (74, 6, '23:12', '05:45', 6.1, 3,
   2, '2025-09-13 07:04:00',
   '2025-09-13 09:04:00', 1.9, 70, 50),
  (75, 6, '22:14', '04:11', 6.0, 2,
   3, '2025-09-14 07:44:00',
   '2025-09-14 09:44:00', 2.0, 10, 68),
  (76, 6, '21:58', '04:54', 7.0, 3,
   2, '2025-09-15 07:44:00',
   '2025-09-15 09:44:00', 1.0, 43, 47),
  (77, 6, '22:48', '03:57', 5.3, 3,
   2, '2025-09-16 07:07:00',
   '2025-09-16 09:07:00', 2.7, 59, 49),
  (78, 6, '23:27', '05:53', 6.8, 3,
   2, '2025-09-17 07:28:00',
   '2025-09-17 09:28:00', 1.2, 65, 58),
  (79, 6, '21:53', '03:40', 6.1, 4,
   2, '2025-09-18 07:35:00',
   '2025-09-18 09:35:00', 1.9, 56, 38),
  (80, 6, '23:15', '05:17', 6.6, 4,
   2, '2025-09-19 07:17:00',
   '2025-09-19 09:17:00', 1.4, 58, 45),
  (81, 6, '21:08', '04:09', 7.0, 2,
   3, '2025-09-20 07:28:00',
   '2025-09-20 09:28:00', 1.0, 30, 96),
  (82, 6, '21:04', '03:26', 6.8, 3,
   2, '2025-11-01 07:14:00',
   '2025-11-01 09:14:00', 1.2, 46, 52),
  (83, 6, '23:44', '05:01', 6.1, 2,
   3, '2025-11-02 07:26:00',
   '2025-11-02 09:26:00', 1.9, 36, 86),
  (84, 6, '22:48', '05:24', 7.2, 3,
   2, '2025-11-03 07:36:00',
   '2025-11-03 09:36:00', 0.8, 42, 41),
  (85, 7, '21:17', '23:27', 2.6, 2,
   3, '2025-09-10 07:26:00',
   '2025-09-10 09:26:00', 3.9, 24, 93),
  (86, 7, '23:10', '03:53', 4.0, 1,
   3, '2025-09-11 07:31:00',
   '2025-09-11 09:31:00', 2.5, 31, 87),
  (87, 7, '23:42', '06:01', 7.5, 2,
   3, '2025-09-12 07:29:00',
   '2025-09-12 09:29:00', 0.0, 35, 99),
  (88, 7, '21:03', '23:16', 2.9, 2,
   3, '2025-09-13 07:05:00',
   '2025-09-13 09:05:00', 3.6, 18, 91),
  (89, 7, '22:16', '01:53', 3.9, 1,
   3, '2025-09-14 07:24:00',
   '2025-09-14 09:24:00', 2.6, 34, 79),
  (90, 7, '21:41', '02:04', 5.7, 2,
   3, '2025-09-15 07:05:00',
   '2025-09-15 09:05:00', 0.8, 13, 84),
  (91, 7, '21:08', '01:30', 4.8, 1,
   3, '2025-09-16 07:41:00',
   '2025-09-16 09:41:00', 1.7, 11, 71),
  (92, 7, '23:16', '03:49', 4.6, 1,
   3, '2025-09-17 07:42:00',
   '2025-09-17 09:42:00', 1.9, 23, 91),
  (93, 7, '22:06', '03:37', 5.3, 2,
   3, '2025-09-18 07:23:00',
   '2025-09-18 09:23:00', 1.2, 17, 72),
  (94, 7, '22:25', '03:45', 5.9, 3,
   2, '2025-09-19 07:01:00',
   '2025-09-19 09:01:00', 0.6, 60, 51),
  (95, 7, '23:38', '05:51', 6.1, 2,
   3, '2025-09-20 07:12:00',
   '2025-09-20 09:12:00', 0.4, 16, 81),
  (96, 7, '23:27', '04:42', 5.3, 2,
   3, '2025-11-01 07:07:00',
   '2025-11-01 09:07:00', 1.2, 12, 84),
  (97, 7, '21:27', '03:23', 6.1, 1,
   3, '2025-11-02 07:23:00',
   '2025-11-02 09:23:00', 0.4, 36, 93),
  (98, 7, '21:27', '02:11', 5.2, 3,
   2, '2025-11-03 07:40:00',
   '2025-11-03 09:40:00', 1.3, 56, 52),
  (99, 8, '22:29', '06:27', 8.7, 5,
   1, '2025-09-10 07:33:00',
   '2025-09-10 09:33:00', 0.3, 89, 24),
  (100, 8, '21:17', '05:56', 8.5, 4,
   1, '2025-09-11 07:37:00',
   '2025-09-11 09:37:00', 0.5, 99, 7),
  (101, 8, '21:31', '05:54', 8.5, 5,
   1, '2025-09-12 07:28:00',
   '2025-09-12 09:28:00', 0.5, 84, 10),
  (102, 8, '22:21', '06:17', 8.7, 4,
   1, '2025-09-13 07:20:00',
   '2025-09-13 09:20:00', 0.3, 78, 11),
  (103, 8, '21:46', '05:26', 8.5, 3,
   2, '2025-09-14 07:38:00',
   '2025-09-14 09:38:00', 0.5, 48, 32),
  (104, 8, '22:41', '06:45', 8.3, 5,
   1, '2025-09-15 07:31:00',
   '2025-09-15 09:31:00', 0.7, 79, 22),
  (105, 8, '21:19', '05:42', 8.5, 4,
   1, '2025-09-16 07:31:00',
   '2025-09-16 09:31:00', 0.5, 84, 22),
  (106, 8, '22:27', '06:47', 8.5, 4,
   1, '2025-09-17 07:37:00',
   '2025-09-17 09:37:00', 0.5, 89, 16),
  (107, 8, '21:46', '05:12', 8.3, 4,
   1, '2025-09-18 07:35:00',
   '2025-09-18 09:35:00', 0.7, 80, 7),
  (108, 8, '23:11', '07:12', 8.8, 3,
   2, '2025-09-19 07:20:00',
   '2025-09-19 09:20:00', 0.2, 59, 54),
  (109, 8, '23:18', '07:06', 8.5, 5,
   1, '2025-09-20 07:13:00',
   '2025-09-20 09:13:00', 0.5, 96, 16),
  (110, 8, '22:00', '06:45', 8.3, 4,
   1, '2025-11-01 07:12:00',
   '2025-11-01 09:12:00', 0.7, 83, 5),
  (111, 8, '21:40', '05:55', 8.5, 3,
   2, '2025-11-02 07:34:00',
   '2025-11-02 09:34:00', 0.5, 51, 52),
  (112, 8, '22:30', '06:30', 8.5, 3,
   2, '2025-11-03 07:31:00',
   '2025-11-03 09:31:00', 0.5, 42, 48),
  (113, 9, '21:25', '03:31', 6.2, 2,
   3, '2025-09-10 07:28:00',
   '2025-09-10 09:28:00', 1.3, 40, 69),
  (114, 9, '21:09', '05:51', 8.3, 3,
   2, '2025-09-11 07:04:00',
   '2025-09-11 09:04:00', 0.0, 63, 31),
  (115, 9, '23:50', '06:39', 7.2, 2,
   3, '2025-09-12 07:36:00',
   '2025-09-12 09:36:00', 0.3, 36, 100),
  (116, 9, '22:19', '04:55', 6.9, 4,
   1, '2025-09-13 07:14:00',
   '2025-09-13 09:14:00', 0.6, 84, 14),
  (117, 9, '21:48', '04:13', 7.5, 3,
   2, '2025-09-14 07:37:00',
   '2025-09-14 09:37:00', 0.0, 61, 53),
  (118, 9, '21:11', '04:35', 7.0, 2,
   3, '2025-09-15 07:40:00',
   '2025-09-15 09:40:00', 0.5, 15, 72),
  (119, 9, '21:14', '04:18', 7.3, 3,
   2, '2025-09-16 07:04:00',
   '2025-09-16 09:04:00', 0.2, 57, 39),
  (120, 9, '23:14', '06:59', 7.5, 2,
   3, '2025-09-17 07:45:00',
   '2025-09-17 09:45:00', 0.0, 39, 66),
  (121, 9, '21:34', '04:14', 7.2, 3,
   2, '2025-09-18 07:16:00',
   '2025-09-18 09:16:00', 0.3, 48, 43),
  (122, 9, '21:03', '03:10', 6.2, 2,
   3, '2025-09-19 07:41:00',
   '2025-09-19 09:41:00', 1.3, 27, 71),
  (123, 9, '22:44', '04:19', 6.1, 4,
   2, '2025-09-20 07:19:00',
   '2025-09-20 09:19:00', 1.4, 56, 33),
  (124, 9, '23:31', '05:28', 6.4, 3,
   2, '2025-11-01 07:44:00',
   '2025-11-01 09:44:00', 1.1, 50, 46),
  (125, 9, '21:05', '03:14', 6.0, 4,
   2, '2025-11-02 07:05:00',
   '2025-11-02 09:05:00', 1.5, 61, 38),
  (126, 9, '21:48', '03:43', 6.3, 4,
   2, '2025-11-03 07:43:00',
   '2025-11-03 09:43:00', 1.2, 60, 48),
  (127, 10, '21:37', '02:27', 5.4, 2,
   3, '2025-09-10 07:17:00',
   '2025-09-10 09:17:00', 2.6, 38, 79),
  (128, 10, '22:26', '04:21', 6.1, 4,
   2, '2025-09-11 07:40:00',
   '2025-09-11 09:40:00', 1.9, 44, 45),
  (129, 10, '22:42', '03:25', 5.9, 3,
   2, '2025-09-12 07:20:00',
   '2025-09-12 09:20:00', 2.1, 64, 45),
  (130, 10, '22:20', '03:07', 5.2, 2,
   3, '2025-09-13 07:35:00',
   '2025-09-13 09:35:00', 2.8, 15, 82),
  (131, 10, '21:12', '04:33', 7.9, 2,
   3, '2025-09-14 07:25:00',
   '2025-09-14 09:25:00', 0.1, 39, 88),
  (132, 10, '22:48', '03:03', 5.5, 3,
   2, '2025-09-15 07:23:00',
   '2025-09-15 09:23:00', 2.5, 57, 50),
  (133, 10, '22:07', '04:01', 6.7, 3,
   2, '2025-09-16 07:13:00',
   '2025-09-16 09:13:00', 1.3, 70, 52),
  (134, 10, '21:19', '04:35', 7.3, 3,
   2, '2025-09-17 07:40:00',
   '2025-09-17 09:40:00', 0.7, 49, 52),
  (135, 10, '21:41', '03:53', 6.4, 4,
   2, '2025-09-18 07:00:00',
   '2025-09-18 09:00:00', 1.6, 45, 44),
  (136, 10, '23:45', '05:17', 6.7, 3,
   2, '2025-09-19 07:09:00',
   '2025-09-19 09:09:00', 1.3, 64, 39),
  (137, 10, '21:58', '05:38', 8.1, 2,
   3, '2025-09-20 07:26:00',
   '2025-09-20 09:26:00', 0.0, 19, 86),
  (138, 10, '22:49', '02:50', 4.6, 4,
   3, '2025-11-01 07:32:00',
   '2025-11-01 09:32:00', 3.4, 18, 66),
  (139, 10, '23:19', '05:53', 6.0, 2,
   3, '2025-11-02 07:26:00',
   '2025-11-02 09:26:00', 2.0, 10, 80),
  (140, 10, '21:28', '05:34', 8.1, 3,
   2, '2025-11-03 07:37:00',
   '2025-11-03 09:37:00', 0.0, 63, 45);
SELECT setval('daily_checkin_id_seq', 140);

-- 5. GAME_SESSIONS (Taptap + Memorama × checkin)
-- metadata: avg_reaction_ms y memory_pct para fn_rendimiento_usuario
INSERT INTO game_sessions
  (id, id_daily_checkin, id_game, start_time, end_time,
   score_value, battery, metadata, created_at, updated_at)
VALUES
  (1, 1, 1,
   '2025-09-10 08:55:00', '2025-09-10 09:03:00',
   279.9, 71, '{"avg_reaction_ms": 279.9, "memory_pct": null, "duration_min": 8, "game": "Taptap", "r1": 294.6, "r2": 273.0, "r3": 304.1}'::jsonb,
   '2025-09-10 08:55:00', '2025-09-10 09:06:00'),
  (2, 1, 2,
   '2025-09-10 08:46:00', '2025-09-10 08:52:00',
   100.0, 100, '{"avg_reaction_ms": null, "memory_pct": 100.0, "duration_min": 6, "game": "Memorama", "correct_hits": 16, "total_required": 16}'::jsonb,
   '2025-09-10 08:46:00', '2025-09-10 08:55:00'),
  (3, 2, 1,
   '2025-09-11 08:41:00', '2025-09-11 08:50:00',
   365.7, 52, '{"avg_reaction_ms": 365.7, "memory_pct": null, "duration_min": 9, "game": "Taptap", "r1": 383.6, "r2": 380.7, "r3": 388.5}'::jsonb,
   '2025-09-11 08:41:00', '2025-09-11 08:53:00'),
  (4, 2, 2,
   '2025-09-11 08:46:00', '2025-09-11 08:51:00',
   75.0, 75, '{"avg_reaction_ms": null, "memory_pct": 75.0, "duration_min": 5, "game": "Memorama", "correct_hits": 12, "total_required": 16}'::jsonb,
   '2025-09-11 08:46:00', '2025-09-11 08:54:00'),
  (5, 3, 1,
   '2025-09-12 08:15:00', '2025-09-12 08:20:00',
   300.3, 66, '{"avg_reaction_ms": 300.3, "memory_pct": null, "duration_min": 5, "game": "Taptap", "r1": 305.7, "r2": 322.5, "r3": 322.8}'::jsonb,
   '2025-09-12 08:15:00', '2025-09-12 08:23:00'),
  (6, 3, 2,
   '2025-09-12 08:28:00', '2025-09-12 08:32:00',
   100.0, 100, '{"avg_reaction_ms": null, "memory_pct": 100.0, "duration_min": 4, "game": "Memorama", "correct_hits": 16, "total_required": 16}'::jsonb,
   '2025-09-12 08:28:00', '2025-09-12 08:35:00'),
  (7, 4, 1,
   '2025-09-13 08:28:00', '2025-09-13 08:33:00',
   289.2, 69, '{"avg_reaction_ms": 289.2, "memory_pct": null, "duration_min": 5, "game": "Taptap", "r1": 298.2, "r2": 269.2, "r3": 287.4}'::jsonb,
   '2025-09-13 08:28:00', '2025-09-13 08:36:00'),
  (8, 4, 2,
   '2025-09-13 08:36:00', '2025-09-13 08:44:00',
   100.0, 100, '{"avg_reaction_ms": null, "memory_pct": 100.0, "duration_min": 8, "game": "Memorama", "correct_hits": 16, "total_required": 16}'::jsonb,
   '2025-09-13 08:36:00', '2025-09-13 08:47:00'),
  (9, 5, 1,
   '2025-09-14 08:30:00', '2025-09-14 08:34:00',
   342.2, 57, '{"avg_reaction_ms": 342.2, "memory_pct": null, "duration_min": 4, "game": "Taptap", "r1": 366.3, "r2": 366.8, "r3": 334.0}'::jsonb,
   '2025-09-14 08:30:00', '2025-09-14 08:37:00'),
  (10, 5, 2,
   '2025-09-14 08:20:00', '2025-09-14 08:30:00',
   81.25, 81, '{"avg_reaction_ms": null, "memory_pct": 81.25, "duration_min": 10, "game": "Memorama", "correct_hits": 13, "total_required": 16}'::jsonb,
   '2025-09-14 08:20:00', '2025-09-14 08:33:00'),
  (11, 6, 1,
   '2025-09-15 08:25:00', '2025-09-15 08:29:00',
   268.2, 73, '{"avg_reaction_ms": 268.2, "memory_pct": null, "duration_min": 4, "game": "Taptap", "r1": 278.1, "r2": 256.8, "r3": 253.6}'::jsonb,
   '2025-09-15 08:25:00', '2025-09-15 08:32:00'),
  (12, 6, 2,
   '2025-09-15 08:08:00', '2025-09-15 08:17:00',
   81.25, 81, '{"avg_reaction_ms": null, "memory_pct": 81.25, "duration_min": 9, "game": "Memorama", "correct_hits": 13, "total_required": 16}'::jsonb,
   '2025-09-15 08:08:00', '2025-09-15 08:20:00'),
  (13, 7, 1,
   '2025-09-16 08:49:00', '2025-09-16 08:53:00',
   293.2, 68, '{"avg_reaction_ms": 293.2, "memory_pct": null, "duration_min": 4, "game": "Taptap", "r1": 304.6, "r2": 316.9, "r3": 266.6}'::jsonb,
   '2025-09-16 08:49:00', '2025-09-16 08:56:00'),
  (14, 7, 2,
   '2025-09-16 08:30:00', '2025-09-16 08:37:00',
   93.75, 93, '{"avg_reaction_ms": null, "memory_pct": 93.75, "duration_min": 7, "game": "Memorama", "correct_hits": 15, "total_required": 16}'::jsonb,
   '2025-09-16 08:30:00', '2025-09-16 08:40:00'),
  (15, 8, 1,
   '2025-09-17 08:34:00', '2025-09-17 08:43:00',
   257.5, 76, '{"avg_reaction_ms": 257.5, "memory_pct": null, "duration_min": 9, "game": "Taptap", "r1": 259.1, "r2": 260.9, "r3": 272.6}'::jsonb,
   '2025-09-17 08:34:00', '2025-09-17 08:46:00'),
  (16, 8, 2,
   '2025-09-17 08:28:00', '2025-09-17 08:33:00',
   81.25, 81, '{"avg_reaction_ms": null, "memory_pct": 81.25, "duration_min": 5, "game": "Memorama", "correct_hits": 13, "total_required": 16}'::jsonb,
   '2025-09-17 08:28:00', '2025-09-17 08:36:00'),
  (17, 9, 1,
   '2025-09-18 08:37:00', '2025-09-18 08:46:00',
   314.4, 63, '{"avg_reaction_ms": 314.4, "memory_pct": null, "duration_min": 9, "game": "Taptap", "r1": 298.1, "r2": 340.4, "r3": 292.0}'::jsonb,
   '2025-09-18 08:37:00', '2025-09-18 08:49:00'),
  (18, 9, 2,
   '2025-09-18 08:32:00', '2025-09-18 08:39:00',
   100.0, 100, '{"avg_reaction_ms": null, "memory_pct": 100.0, "duration_min": 7, "game": "Memorama", "correct_hits": 16, "total_required": 16}'::jsonb,
   '2025-09-18 08:32:00', '2025-09-18 08:42:00'),
  (19, 10, 1,
   '2025-09-19 08:31:00', '2025-09-19 08:34:00',
   347.9, 56, '{"avg_reaction_ms": 347.9, "memory_pct": null, "duration_min": 3, "game": "Taptap", "r1": 345.5, "r2": 333.1, "r3": 351.1}'::jsonb,
   '2025-09-19 08:31:00', '2025-09-19 08:37:00'),
  (20, 10, 2,
   '2025-09-19 08:25:00', '2025-09-19 08:35:00',
   93.75, 93, '{"avg_reaction_ms": null, "memory_pct": 93.75, "duration_min": 10, "game": "Memorama", "correct_hits": 15, "total_required": 16}'::jsonb,
   '2025-09-19 08:25:00', '2025-09-19 08:38:00'),
  (21, 11, 1,
   '2025-09-20 09:01:00', '2025-09-20 09:08:00',
   316.7, 62, '{"avg_reaction_ms": 316.7, "memory_pct": null, "duration_min": 7, "game": "Taptap", "r1": 311.9, "r2": 300.9, "r3": 338.6}'::jsonb,
   '2025-09-20 09:01:00', '2025-09-20 09:11:00'),
  (22, 11, 2,
   '2025-09-20 08:49:00', '2025-09-20 08:58:00',
   100.0, 100, '{"avg_reaction_ms": null, "memory_pct": 100.0, "duration_min": 9, "game": "Memorama", "correct_hits": 16, "total_required": 16}'::jsonb,
   '2025-09-20 08:49:00', '2025-09-20 09:01:00'),
  (23, 12, 1,
   '2025-11-01 08:20:00', '2025-11-01 08:26:00',
   285.8, 69, '{"avg_reaction_ms": 285.8, "memory_pct": null, "duration_min": 6, "game": "Taptap", "r1": 277.7, "r2": 274.1, "r3": 297.2}'::jsonb,
   '2025-11-01 08:20:00', '2025-11-01 08:29:00'),
  (24, 12, 2,
   '2025-11-01 08:17:00', '2025-11-01 08:26:00',
   93.75, 93, '{"avg_reaction_ms": null, "memory_pct": 93.75, "duration_min": 9, "game": "Memorama", "correct_hits": 15, "total_required": 16}'::jsonb,
   '2025-11-01 08:17:00', '2025-11-01 08:29:00'),
  (25, 13, 1,
   '2025-11-02 08:20:00', '2025-11-02 08:23:00',
   349.3, 55, '{"avg_reaction_ms": 349.3, "memory_pct": null, "duration_min": 3, "game": "Taptap", "r1": 366.4, "r2": 372.6, "r3": 377.4}'::jsonb,
   '2025-11-02 08:20:00', '2025-11-02 08:26:00'),
  (26, 13, 2,
   '2025-11-02 08:27:00', '2025-11-02 08:35:00',
   87.5, 87, '{"avg_reaction_ms": null, "memory_pct": 87.5, "duration_min": 8, "game": "Memorama", "correct_hits": 14, "total_required": 16}'::jsonb,
   '2025-11-02 08:27:00', '2025-11-02 08:38:00'),
  (27, 14, 1,
   '2025-11-03 08:24:00', '2025-11-03 08:30:00',
   314.5, 63, '{"avg_reaction_ms": 314.5, "memory_pct": null, "duration_min": 6, "game": "Taptap", "r1": 325.7, "r2": 328.4, "r3": 324.5}'::jsonb,
   '2025-11-03 08:24:00', '2025-11-03 08:33:00'),
  (28, 14, 2,
   '2025-11-03 08:08:00', '2025-11-03 08:12:00',
   81.25, 81, '{"avg_reaction_ms": null, "memory_pct": 81.25, "duration_min": 4, "game": "Memorama", "correct_hits": 13, "total_required": 16}'::jsonb,
   '2025-11-03 08:08:00', '2025-11-03 08:15:00'),
  (29, 15, 1,
   '2025-09-10 08:50:00', '2025-09-10 09:00:00',
   495.0, 23, '{"avg_reaction_ms": 495.0, "memory_pct": null, "duration_min": 10, "game": "Taptap", "r1": 481.6, "r2": 458.5, "r3": 535.6}'::jsonb,
   '2025-09-10 08:50:00', '2025-09-10 09:03:00'),
  (30, 15, 2,
   '2025-09-10 08:51:00', '2025-09-10 09:00:00',
   31.25, 31, '{"avg_reaction_ms": null, "memory_pct": 31.25, "duration_min": 9, "game": "Memorama", "correct_hits": 5, "total_required": 16}'::jsonb,
   '2025-09-10 08:51:00', '2025-09-10 09:03:00'),
  (31, 16, 1,
   '2025-09-11 08:41:00', '2025-09-11 08:46:00',
   462.2, 30, '{"avg_reaction_ms": 462.2, "memory_pct": null, "duration_min": 5, "game": "Taptap", "r1": 497.0, "r2": 449.8, "r3": 462.4}'::jsonb,
   '2025-09-11 08:41:00', '2025-09-11 08:49:00'),
  (32, 16, 2,
   '2025-09-11 08:43:00', '2025-09-11 08:48:00',
   68.75, 68, '{"avg_reaction_ms": null, "memory_pct": 68.75, "duration_min": 5, "game": "Memorama", "correct_hits": 11, "total_required": 16}'::jsonb,
   '2025-09-11 08:43:00', '2025-09-11 08:51:00'),
  (33, 17, 1,
   '2025-09-12 08:40:00', '2025-09-12 08:47:00',
   602.0, 0, '{"avg_reaction_ms": 602.0, "memory_pct": null, "duration_min": 7, "game": "Taptap", "r1": 582.6, "r2": 555.7, "r3": 657.7}'::jsonb,
   '2025-09-12 08:40:00', '2025-09-12 08:50:00'),
  (34, 17, 2,
   '2025-09-12 08:29:00', '2025-09-12 08:35:00',
   56.25, 56, '{"avg_reaction_ms": null, "memory_pct": 56.25, "duration_min": 6, "game": "Memorama", "correct_hits": 9, "total_required": 16}'::jsonb,
   '2025-09-12 08:29:00', '2025-09-12 08:38:00'),
  (35, 18, 1,
   '2025-09-13 08:21:00', '2025-09-13 08:29:00',
   371.7, 50, '{"avg_reaction_ms": 371.7, "memory_pct": null, "duration_min": 8, "game": "Taptap", "r1": 363.9, "r2": 354.2, "r3": 343.7}'::jsonb,
   '2025-09-13 08:21:00', '2025-09-13 08:32:00'),
  (36, 18, 2,
   '2025-09-13 08:20:00', '2025-09-13 08:27:00',
   81.25, 81, '{"avg_reaction_ms": null, "memory_pct": 81.25, "duration_min": 7, "game": "Memorama", "correct_hits": 13, "total_required": 16}'::jsonb,
   '2025-09-13 08:20:00', '2025-09-13 08:30:00'),
  (37, 19, 1,
   '2025-09-14 08:36:00', '2025-09-14 08:44:00',
   506.3, 20, '{"avg_reaction_ms": 506.3, "memory_pct": null, "duration_min": 8, "game": "Taptap", "r1": 479.3, "r2": 458.2, "r3": 545.2}'::jsonb,
   '2025-09-14 08:36:00', '2025-09-14 08:47:00'),
  (38, 19, 2,
   '2025-09-14 08:41:00', '2025-09-14 08:49:00',
   50.0, 50, '{"avg_reaction_ms": null, "memory_pct": 50.0, "duration_min": 8, "game": "Memorama", "correct_hits": 8, "total_required": 16}'::jsonb,
   '2025-09-14 08:41:00', '2025-09-14 08:52:00'),
  (39, 20, 1,
   '2025-09-15 08:24:00', '2025-09-15 08:28:00',
   316.2, 63, '{"avg_reaction_ms": 316.2, "memory_pct": null, "duration_min": 4, "game": "Taptap", "r1": 313.9, "r2": 328.9, "r3": 325.6}'::jsonb,
   '2025-09-15 08:24:00', '2025-09-15 08:31:00'),
  (40, 20, 2,
   '2025-09-15 08:20:00', '2025-09-15 08:25:00',
   81.25, 81, '{"avg_reaction_ms": null, "memory_pct": 81.25, "duration_min": 5, "game": "Memorama", "correct_hits": 13, "total_required": 16}'::jsonb,
   '2025-09-15 08:20:00', '2025-09-15 08:28:00'),
  (41, 21, 1,
   '2025-09-16 08:30:00', '2025-09-16 08:37:00',
   359.5, 53, '{"avg_reaction_ms": 359.5, "memory_pct": null, "duration_min": 7, "game": "Taptap", "r1": 331.9, "r2": 340.4, "r3": 362.2}'::jsonb,
   '2025-09-16 08:30:00', '2025-09-16 08:40:00'),
  (42, 21, 2,
   '2025-09-16 08:41:00', '2025-09-16 08:51:00',
   93.75, 93, '{"avg_reaction_ms": null, "memory_pct": 93.75, "duration_min": 10, "game": "Memorama", "correct_hits": 15, "total_required": 16}'::jsonb,
   '2025-09-16 08:41:00', '2025-09-16 08:54:00'),
  (43, 22, 1,
   '2025-09-17 08:23:00', '2025-09-17 08:32:00',
   436.4, 36, '{"avg_reaction_ms": 436.4, "memory_pct": null, "duration_min": 9, "game": "Taptap", "r1": 456.2, "r2": 470.0, "r3": 449.9}'::jsonb,
   '2025-09-17 08:23:00', '2025-09-17 08:35:00'),
  (44, 22, 2,
   '2025-09-17 08:21:00', '2025-09-17 08:30:00',
   68.75, 68, '{"avg_reaction_ms": null, "memory_pct": 68.75, "duration_min": 9, "game": "Memorama", "correct_hits": 11, "total_required": 16}'::jsonb,
   '2025-09-17 08:21:00', '2025-09-17 08:33:00'),
  (45, 23, 1,
   '2025-09-18 08:13:00', '2025-09-18 08:21:00',
   388.2, 47, '{"avg_reaction_ms": 388.2, "memory_pct": null, "duration_min": 8, "game": "Taptap", "r1": 383.9, "r2": 367.7, "r3": 377.5}'::jsonb,
   '2025-09-18 08:13:00', '2025-09-18 08:24:00'),
  (46, 23, 2,
   '2025-09-18 08:23:00', '2025-09-18 08:31:00',
   56.25, 56, '{"avg_reaction_ms": null, "memory_pct": 56.25, "duration_min": 8, "game": "Memorama", "correct_hits": 9, "total_required": 16}'::jsonb,
   '2025-09-18 08:23:00', '2025-09-18 08:34:00'),
  (47, 24, 1,
   '2025-09-19 08:43:00', '2025-09-19 08:50:00',
   518.5, 18, '{"avg_reaction_ms": 518.5, "memory_pct": null, "duration_min": 7, "game": "Taptap", "r1": 479.3, "r2": 554.6, "r3": 513.8}'::jsonb,
   '2025-09-19 08:43:00', '2025-09-19 08:53:00'),
  (48, 24, 2,
   '2025-09-19 08:37:00', '2025-09-19 08:40:00',
   25.0, 25, '{"avg_reaction_ms": null, "memory_pct": 25.0, "duration_min": 3, "game": "Memorama", "correct_hits": 4, "total_required": 16}'::jsonb,
   '2025-09-19 08:37:00', '2025-09-19 08:43:00'),
  (49, 25, 1,
   '2025-09-20 08:46:00', '2025-09-20 08:52:00',
   488.5, 24, '{"avg_reaction_ms": 488.5, "memory_pct": null, "duration_min": 6, "game": "Taptap", "r1": 516.5, "r2": 459.7, "r3": 520.7}'::jsonb,
   '2025-09-20 08:46:00', '2025-09-20 08:55:00'),
  (50, 25, 2,
   '2025-09-20 08:53:00', '2025-09-20 08:59:00',
   81.25, 81, '{"avg_reaction_ms": null, "memory_pct": 81.25, "duration_min": 6, "game": "Memorama", "correct_hits": 13, "total_required": 16}'::jsonb,
   '2025-09-20 08:53:00', '2025-09-20 09:02:00'),
  (51, 26, 1,
   '2025-11-01 08:14:00', '2025-11-01 08:20:00',
   402.7, 43, '{"avg_reaction_ms": 402.7, "memory_pct": null, "duration_min": 6, "game": "Taptap", "r1": 374.3, "r2": 435.0, "r3": 362.7}'::jsonb,
   '2025-11-01 08:14:00', '2025-11-01 08:23:00'),
  (52, 26, 2,
   '2025-11-01 08:12:00', '2025-11-01 08:17:00',
   81.25, 81, '{"avg_reaction_ms": null, "memory_pct": 81.25, "duration_min": 5, "game": "Memorama", "correct_hits": 13, "total_required": 16}'::jsonb,
   '2025-11-01 08:12:00', '2025-11-01 08:20:00'),
  (53, 27, 1,
   '2025-11-02 08:46:00', '2025-11-02 08:51:00',
   374.3, 50, '{"avg_reaction_ms": 374.3, "memory_pct": null, "duration_min": 5, "game": "Taptap", "r1": 401.7, "r2": 346.7, "r3": 363.7}'::jsonb,
   '2025-11-02 08:46:00', '2025-11-02 08:54:00'),
  (54, 27, 2,
   '2025-11-02 08:45:00', '2025-11-02 08:53:00',
   56.25, 56, '{"avg_reaction_ms": null, "memory_pct": 56.25, "duration_min": 8, "game": "Memorama", "correct_hits": 9, "total_required": 16}'::jsonb,
   '2025-11-02 08:45:00', '2025-11-02 08:56:00'),
  (55, 28, 1,
   '2025-11-03 08:30:00', '2025-11-03 08:37:00',
   366.8, 51, '{"avg_reaction_ms": 366.8, "memory_pct": null, "duration_min": 7, "game": "Taptap", "r1": 384.5, "r2": 368.7, "r3": 384.8}'::jsonb,
   '2025-11-03 08:30:00', '2025-11-03 08:40:00'),
  (56, 28, 2,
   '2025-11-03 08:40:00', '2025-11-03 08:50:00',
   68.75, 68, '{"avg_reaction_ms": null, "memory_pct": 68.75, "duration_min": 10, "game": "Memorama", "correct_hits": 11, "total_required": 16}'::jsonb,
   '2025-11-03 08:40:00', '2025-11-03 08:53:00'),
  (57, 29, 1,
   '2025-09-10 08:44:00', '2025-09-10 08:48:00',
   294.2, 67, '{"avg_reaction_ms": 294.2, "memory_pct": null, "duration_min": 4, "game": "Taptap", "r1": 277.8, "r2": 301.0, "r3": 307.6}'::jsonb,
   '2025-09-10 08:44:00', '2025-09-10 08:51:00'),
  (58, 29, 2,
   '2025-09-10 08:44:00', '2025-09-10 08:51:00',
   100.0, 100, '{"avg_reaction_ms": null, "memory_pct": 100.0, "duration_min": 7, "game": "Memorama", "correct_hits": 16, "total_required": 16}'::jsonb,
   '2025-09-10 08:44:00', '2025-09-10 08:54:00'),
  (59, 30, 1,
   '2025-09-11 08:20:00', '2025-09-11 08:23:00',
   367.9, 51, '{"avg_reaction_ms": 367.9, "memory_pct": null, "duration_min": 3, "game": "Taptap", "r1": 366.4, "r2": 360.7, "r3": 381.6}'::jsonb,
   '2025-09-11 08:20:00', '2025-09-11 08:26:00'),
  (60, 30, 2,
   '2025-09-11 08:15:00', '2025-09-11 08:25:00',
   56.25, 56, '{"avg_reaction_ms": null, "memory_pct": 56.25, "duration_min": 10, "game": "Memorama", "correct_hits": 9, "total_required": 16}'::jsonb,
   '2025-09-11 08:15:00', '2025-09-11 08:28:00'),
  (61, 31, 1,
   '2025-09-12 08:04:00', '2025-09-12 08:12:00',
   313.0, 63, '{"avg_reaction_ms": 313.0, "memory_pct": null, "duration_min": 8, "game": "Taptap", "r1": 285.8, "r2": 298.9, "r3": 321.3}'::jsonb,
   '2025-09-12 08:04:00', '2025-09-12 08:15:00'),
  (62, 31, 2,
   '2025-09-12 08:19:00', '2025-09-12 08:27:00',
   100.0, 100, '{"avg_reaction_ms": null, "memory_pct": 100.0, "duration_min": 8, "game": "Memorama", "correct_hits": 16, "total_required": 16}'::jsonb,
   '2025-09-12 08:19:00', '2025-09-12 08:30:00'),
  (63, 32, 1,
   '2025-09-13 08:55:00', '2025-09-13 09:02:00',
   294.4, 67, '{"avg_reaction_ms": 294.4, "memory_pct": null, "duration_min": 7, "game": "Taptap", "r1": 300.6, "r2": 270.8, "r3": 306.3}'::jsonb,
   '2025-09-13 08:55:00', '2025-09-13 09:05:00'),
  (64, 32, 2,
   '2025-09-13 08:56:00', '2025-09-13 09:02:00',
   100.0, 100, '{"avg_reaction_ms": null, "memory_pct": 100.0, "duration_min": 6, "game": "Memorama", "correct_hits": 16, "total_required": 16}'::jsonb,
   '2025-09-13 08:56:00', '2025-09-13 09:05:00'),
  (65, 33, 1,
   '2025-09-14 08:26:00', '2025-09-14 08:32:00',
   289.7, 68, '{"avg_reaction_ms": 289.7, "memory_pct": null, "duration_min": 6, "game": "Taptap", "r1": 308.7, "r2": 283.8, "r3": 303.0}'::jsonb,
   '2025-09-14 08:26:00', '2025-09-14 08:35:00'),
  (66, 33, 2,
   '2025-09-14 08:22:00', '2025-09-14 08:31:00',
   93.75, 93, '{"avg_reaction_ms": null, "memory_pct": 93.75, "duration_min": 9, "game": "Memorama", "correct_hits": 15, "total_required": 16}'::jsonb,
   '2025-09-14 08:22:00', '2025-09-14 08:34:00'),
  (67, 34, 1,
   '2025-09-15 08:49:00', '2025-09-15 08:57:00',
   354.4, 54, '{"avg_reaction_ms": 354.4, "memory_pct": null, "duration_min": 8, "game": "Taptap", "r1": 367.6, "r2": 352.6, "r3": 325.4}'::jsonb,
   '2025-09-15 08:49:00', '2025-09-15 09:00:00'),
  (68, 34, 2,
   '2025-09-15 08:43:00', '2025-09-15 08:47:00',
   100.0, 100, '{"avg_reaction_ms": null, "memory_pct": 100.0, "duration_min": 4, "game": "Memorama", "correct_hits": 16, "total_required": 16}'::jsonb,
   '2025-09-15 08:43:00', '2025-09-15 08:50:00'),
  (69, 35, 1,
   '2025-09-16 08:09:00', '2025-09-16 08:17:00',
   337.4, 58, '{"avg_reaction_ms": 337.4, "memory_pct": null, "duration_min": 8, "game": "Taptap", "r1": 341.2, "r2": 343.2, "r3": 341.6}'::jsonb,
   '2025-09-16 08:09:00', '2025-09-16 08:20:00'),
  (70, 35, 2,
   '2025-09-16 08:16:00', '2025-09-16 08:20:00',
   100.0, 100, '{"avg_reaction_ms": null, "memory_pct": 100.0, "duration_min": 4, "game": "Memorama", "correct_hits": 16, "total_required": 16}'::jsonb,
   '2025-09-16 08:16:00', '2025-09-16 08:23:00'),
  (71, 36, 1,
   '2025-09-17 08:15:00', '2025-09-17 08:24:00',
   344.2, 56, '{"avg_reaction_ms": 344.2, "memory_pct": null, "duration_min": 9, "game": "Taptap", "r1": 359.4, "r2": 376.4, "r3": 351.1}'::jsonb,
   '2025-09-17 08:15:00', '2025-09-17 08:27:00'),
  (72, 36, 2,
   '2025-09-17 08:15:00', '2025-09-17 08:19:00',
   87.5, 87, '{"avg_reaction_ms": null, "memory_pct": 87.5, "duration_min": 4, "game": "Memorama", "correct_hits": 14, "total_required": 16}'::jsonb,
   '2025-09-17 08:15:00', '2025-09-17 08:22:00'),
  (73, 37, 1,
   '2025-09-18 08:45:00', '2025-09-18 08:55:00',
   266.9, 74, '{"avg_reaction_ms": 266.9, "memory_pct": null, "duration_min": 10, "game": "Taptap", "r1": 246.0, "r2": 285.3, "r3": 259.8}'::jsonb,
   '2025-09-18 08:45:00', '2025-09-18 08:58:00'),
  (74, 37, 2,
   '2025-09-18 08:49:00', '2025-09-18 08:55:00',
   100.0, 100, '{"avg_reaction_ms": null, "memory_pct": 100.0, "duration_min": 6, "game": "Memorama", "correct_hits": 16, "total_required": 16}'::jsonb,
   '2025-09-18 08:49:00', '2025-09-18 08:58:00'),
  (75, 38, 1,
   '2025-09-19 08:48:00', '2025-09-19 08:51:00',
   313.1, 63, '{"avg_reaction_ms": 313.1, "memory_pct": null, "duration_min": 3, "game": "Taptap", "r1": 323.0, "r2": 325.2, "r3": 283.6}'::jsonb,
   '2025-09-19 08:48:00', '2025-09-19 08:54:00'),
  (76, 38, 2,
   '2025-09-19 08:39:00', '2025-09-19 08:46:00',
   93.75, 93, '{"avg_reaction_ms": null, "memory_pct": 93.75, "duration_min": 7, "game": "Memorama", "correct_hits": 15, "total_required": 16}'::jsonb,
   '2025-09-19 08:39:00', '2025-09-19 08:49:00'),
  (77, 39, 1,
   '2025-09-20 08:11:00', '2025-09-20 08:14:00',
   261.8, 75, '{"avg_reaction_ms": 261.8, "memory_pct": null, "duration_min": 3, "game": "Taptap", "r1": 243.1, "r2": 270.0, "r3": 239.3}'::jsonb,
   '2025-09-20 08:11:00', '2025-09-20 08:17:00'),
  (78, 39, 2,
   '2025-09-20 08:20:00', '2025-09-20 08:23:00',
   81.25, 81, '{"avg_reaction_ms": null, "memory_pct": 81.25, "duration_min": 3, "game": "Memorama", "correct_hits": 13, "total_required": 16}'::jsonb,
   '2025-09-20 08:20:00', '2025-09-20 08:26:00'),
  (79, 40, 1,
   '2025-11-01 08:51:00', '2025-11-01 08:57:00',
   285.1, 69, '{"avg_reaction_ms": 285.1, "memory_pct": null, "duration_min": 6, "game": "Taptap", "r1": 282.5, "r2": 265.6, "r3": 274.4}'::jsonb,
   '2025-11-01 08:51:00', '2025-11-01 09:00:00'),
  (80, 40, 2,
   '2025-11-01 08:45:00', '2025-11-01 08:49:00',
   81.25, 81, '{"avg_reaction_ms": null, "memory_pct": 81.25, "duration_min": 4, "game": "Memorama", "correct_hits": 13, "total_required": 16}'::jsonb,
   '2025-11-01 08:45:00', '2025-11-01 08:52:00'),
  (81, 41, 1,
   '2025-11-02 08:07:00', '2025-11-02 08:12:00',
   330.5, 59, '{"avg_reaction_ms": 330.5, "memory_pct": null, "duration_min": 5, "game": "Taptap", "r1": 300.7, "r2": 302.8, "r3": 326.7}'::jsonb,
   '2025-11-02 08:07:00', '2025-11-02 08:15:00'),
  (82, 41, 2,
   '2025-11-02 08:16:00', '2025-11-02 08:26:00',
   100.0, 100, '{"avg_reaction_ms": null, "memory_pct": 100.0, "duration_min": 10, "game": "Memorama", "correct_hits": 16, "total_required": 16}'::jsonb,
   '2025-11-02 08:16:00', '2025-11-02 08:29:00'),
  (83, 42, 1,
   '2025-11-03 08:46:00', '2025-11-03 08:53:00',
   265.9, 74, '{"avg_reaction_ms": 265.9, "memory_pct": null, "duration_min": 7, "game": "Taptap", "r1": 266.6, "r2": 257.7, "r3": 245.2}'::jsonb,
   '2025-11-03 08:46:00', '2025-11-03 08:56:00'),
  (84, 42, 2,
   '2025-11-03 08:51:00', '2025-11-03 09:01:00',
   93.75, 93, '{"avg_reaction_ms": null, "memory_pct": 93.75, "duration_min": 10, "game": "Memorama", "correct_hits": 15, "total_required": 16}'::jsonb,
   '2025-11-03 08:51:00', '2025-11-03 09:04:00'),
  (85, 43, 1,
   '2025-09-10 08:05:00', '2025-09-10 08:11:00',
   549.3, 11, '{"avg_reaction_ms": 549.3, "memory_pct": null, "duration_min": 6, "game": "Taptap", "r1": 560.2, "r2": 495.2, "r3": 527.5}'::jsonb,
   '2025-09-10 08:05:00', '2025-09-10 08:14:00'),
  (86, 43, 2,
   '2025-09-10 08:10:00', '2025-09-10 08:15:00',
   37.5, 37, '{"avg_reaction_ms": null, "memory_pct": 37.5, "duration_min": 5, "game": "Memorama", "correct_hits": 6, "total_required": 16}'::jsonb,
   '2025-09-10 08:10:00', '2025-09-10 08:18:00'),
  (87, 44, 1,
   '2025-09-11 08:14:00', '2025-09-11 08:22:00',
   508.0, 20, '{"avg_reaction_ms": 508.0, "memory_pct": null, "duration_min": 8, "game": "Taptap", "r1": 507.7, "r2": 501.0, "r3": 470.3}'::jsonb,
   '2025-09-11 08:14:00', '2025-09-11 08:25:00'),
  (88, 44, 2,
   '2025-09-11 08:22:00', '2025-09-11 08:28:00',
   50.0, 50, '{"avg_reaction_ms": null, "memory_pct": 50.0, "duration_min": 6, "game": "Memorama", "correct_hits": 8, "total_required": 16}'::jsonb,
   '2025-09-11 08:22:00', '2025-09-11 08:31:00'),
  (89, 45, 1,
   '2025-09-12 08:37:00', '2025-09-12 08:45:00',
   500.8, 22, '{"avg_reaction_ms": 500.8, "memory_pct": null, "duration_min": 8, "game": "Taptap", "r1": 537.0, "r2": 455.0, "r3": 452.6}'::jsonb,
   '2025-09-12 08:37:00', '2025-09-12 08:48:00'),
  (90, 45, 2,
   '2025-09-12 08:22:00', '2025-09-12 08:30:00',
   50.0, 50, '{"avg_reaction_ms": null, "memory_pct": 50.0, "duration_min": 8, "game": "Memorama", "correct_hits": 8, "total_required": 16}'::jsonb,
   '2025-09-12 08:22:00', '2025-09-12 08:33:00'),
  (91, 46, 1,
   '2025-09-13 08:17:00', '2025-09-13 08:26:00',
   596.4, 0, '{"avg_reaction_ms": 596.4, "memory_pct": null, "duration_min": 9, "game": "Taptap", "r1": 586.6, "r2": 550.5, "r3": 539.2}'::jsonb,
   '2025-09-13 08:17:00', '2025-09-13 08:29:00'),
  (92, 46, 2,
   '2025-09-13 08:14:00', '2025-09-13 08:19:00',
   50.0, 50, '{"avg_reaction_ms": null, "memory_pct": 50.0, "duration_min": 5, "game": "Memorama", "correct_hits": 8, "total_required": 16}'::jsonb,
   '2025-09-13 08:14:00', '2025-09-13 08:22:00'),
  (93, 47, 1,
   '2025-09-14 08:30:00', '2025-09-14 08:38:00',
   503.2, 21, '{"avg_reaction_ms": 503.2, "memory_pct": null, "duration_min": 8, "game": "Taptap", "r1": 537.9, "r2": 477.4, "r3": 512.1}'::jsonb,
   '2025-09-14 08:30:00', '2025-09-14 08:41:00'),
  (94, 47, 2,
   '2025-09-14 08:32:00', '2025-09-14 08:36:00',
   43.75, 43, '{"avg_reaction_ms": null, "memory_pct": 43.75, "duration_min": 4, "game": "Memorama", "correct_hits": 7, "total_required": 16}'::jsonb,
   '2025-09-14 08:32:00', '2025-09-14 08:39:00'),
  (95, 48, 1,
   '2025-09-15 08:43:00', '2025-09-15 08:51:00',
   523.2, 17, '{"avg_reaction_ms": 523.2, "memory_pct": null, "duration_min": 8, "game": "Taptap", "r1": 552.4, "r2": 478.9, "r3": 537.1}'::jsonb,
   '2025-09-15 08:43:00', '2025-09-15 08:54:00'),
  (96, 48, 2,
   '2025-09-15 08:50:00', '2025-09-15 08:56:00',
   37.5, 37, '{"avg_reaction_ms": null, "memory_pct": 37.5, "duration_min": 6, "game": "Memorama", "correct_hits": 6, "total_required": 16}'::jsonb,
   '2025-09-15 08:50:00', '2025-09-15 08:59:00'),
  (97, 49, 1,
   '2025-09-16 08:17:00', '2025-09-16 08:22:00',
   525.4, 16, '{"avg_reaction_ms": 525.4, "memory_pct": null, "duration_min": 5, "game": "Taptap", "r1": 488.2, "r2": 493.6, "r3": 536.2}'::jsonb,
   '2025-09-16 08:17:00', '2025-09-16 08:25:00'),
  (98, 49, 2,
   '2025-09-16 08:26:00', '2025-09-16 08:30:00',
   31.25, 31, '{"avg_reaction_ms": null, "memory_pct": 31.25, "duration_min": 4, "game": "Memorama", "correct_hits": 5, "total_required": 16}'::jsonb,
   '2025-09-16 08:26:00', '2025-09-16 08:33:00'),
  (99, 50, 1,
   '2025-09-17 08:58:00', '2025-09-17 09:08:00',
   559.6, 8, '{"avg_reaction_ms": 559.6, "memory_pct": null, "duration_min": 10, "game": "Taptap", "r1": 566.7, "r2": 568.5, "r3": 579.9}'::jsonb,
   '2025-09-17 08:58:00', '2025-09-17 09:11:00'),
  (100, 50, 2,
   '2025-09-17 08:56:00', '2025-09-17 09:04:00',
   56.25, 56, '{"avg_reaction_ms": null, "memory_pct": 56.25, "duration_min": 8, "game": "Memorama", "correct_hits": 9, "total_required": 16}'::jsonb,
   '2025-09-17 08:56:00', '2025-09-17 09:07:00'),
  (101, 51, 1,
   '2025-09-18 08:26:00', '2025-09-18 08:31:00',
   556.0, 9, '{"avg_reaction_ms": 556.0, "memory_pct": null, "duration_min": 5, "game": "Taptap", "r1": 552.5, "r2": 570.6, "r3": 589.0}'::jsonb,
   '2025-09-18 08:26:00', '2025-09-18 08:34:00'),
  (102, 51, 2,
   '2025-09-18 08:34:00', '2025-09-18 08:37:00',
   37.5, 37, '{"avg_reaction_ms": null, "memory_pct": 37.5, "duration_min": 3, "game": "Memorama", "correct_hits": 6, "total_required": 16}'::jsonb,
   '2025-09-18 08:34:00', '2025-09-18 08:40:00'),
  (103, 52, 1,
   '2025-09-19 08:33:00', '2025-09-19 08:37:00',
   536.6, 14, '{"avg_reaction_ms": 536.6, "memory_pct": null, "duration_min": 4, "game": "Taptap", "r1": 531.4, "r2": 489.0, "r3": 572.2}'::jsonb,
   '2025-09-19 08:33:00', '2025-09-19 08:40:00'),
  (104, 52, 2,
   '2025-09-19 08:19:00', '2025-09-19 08:23:00',
   50.0, 50, '{"avg_reaction_ms": null, "memory_pct": 50.0, "duration_min": 4, "game": "Memorama", "correct_hits": 8, "total_required": 16}'::jsonb,
   '2025-09-19 08:19:00', '2025-09-19 08:26:00'),
  (105, 53, 1,
   '2025-09-20 08:47:00', '2025-09-20 08:56:00',
   559.4, 9, '{"avg_reaction_ms": 559.4, "memory_pct": null, "duration_min": 9, "game": "Taptap", "r1": 565.5, "r2": 592.0, "r3": 603.7}'::jsonb,
   '2025-09-20 08:47:00', '2025-09-20 08:59:00'),
  (106, 53, 2,
   '2025-09-20 08:42:00', '2025-09-20 08:48:00',
   37.5, 37, '{"avg_reaction_ms": null, "memory_pct": 37.5, "duration_min": 6, "game": "Memorama", "correct_hits": 6, "total_required": 16}'::jsonb,
   '2025-09-20 08:42:00', '2025-09-20 08:51:00'),
  (107, 54, 1,
   '2025-11-01 08:42:00', '2025-11-01 08:52:00',
   565.2, 7, '{"avg_reaction_ms": 565.2, "memory_pct": null, "duration_min": 10, "game": "Taptap", "r1": 616.9, "r2": 559.6, "r3": 600.4}'::jsonb,
   '2025-11-01 08:42:00', '2025-11-01 08:55:00'),
  (108, 54, 2,
   '2025-11-01 08:33:00', '2025-11-01 08:37:00',
   50.0, 50, '{"avg_reaction_ms": null, "memory_pct": 50.0, "duration_min": 4, "game": "Memorama", "correct_hits": 8, "total_required": 16}'::jsonb,
   '2025-11-01 08:33:00', '2025-11-01 08:40:00'),
  (109, 55, 1,
   '2025-11-02 08:43:00', '2025-11-02 08:48:00',
   365.1, 52, '{"avg_reaction_ms": 365.1, "memory_pct": null, "duration_min": 5, "game": "Taptap", "r1": 380.3, "r2": 401.0, "r3": 366.9}'::jsonb,
   '2025-11-02 08:43:00', '2025-11-02 08:51:00'),
  (110, 55, 2,
   '2025-11-02 08:42:00', '2025-11-02 08:47:00',
   68.75, 68, '{"avg_reaction_ms": null, "memory_pct": 68.75, "duration_min": 5, "game": "Memorama", "correct_hits": 11, "total_required": 16}'::jsonb,
   '2025-11-02 08:42:00', '2025-11-02 08:50:00'),
  (111, 56, 1,
   '2025-11-03 08:53:00', '2025-11-03 09:00:00',
   548.1, 11, '{"avg_reaction_ms": 548.1, "memory_pct": null, "duration_min": 7, "game": "Taptap", "r1": 578.2, "r2": 567.7, "r3": 499.0}'::jsonb,
   '2025-11-03 08:53:00', '2025-11-03 09:03:00'),
  (112, 56, 2,
   '2025-11-03 09:02:00', '2025-11-03 09:10:00',
   25.0, 25, '{"avg_reaction_ms": null, "memory_pct": 25.0, "duration_min": 8, "game": "Memorama", "correct_hits": 4, "total_required": 16}'::jsonb,
   '2025-11-03 09:02:00', '2025-11-03 09:13:00'),
  (113, 57, 1,
   '2025-09-10 08:21:00', '2025-09-10 08:25:00',
   307.0, 65, '{"avg_reaction_ms": 307.0, "memory_pct": null, "duration_min": 4, "game": "Taptap", "r1": 300.0, "r2": 291.8, "r3": 328.6}'::jsonb,
   '2025-09-10 08:21:00', '2025-09-10 08:28:00'),
  (114, 57, 2,
   '2025-09-10 08:30:00', '2025-09-10 08:35:00',
   93.75, 93, '{"avg_reaction_ms": null, "memory_pct": 93.75, "duration_min": 5, "game": "Memorama", "correct_hits": 15, "total_required": 16}'::jsonb,
   '2025-09-10 08:30:00', '2025-09-10 08:38:00'),
  (115, 58, 1,
   '2025-09-11 08:17:00', '2025-09-11 08:22:00',
   350.0, 55, '{"avg_reaction_ms": 350.0, "memory_pct": null, "duration_min": 5, "game": "Taptap", "r1": 336.7, "r2": 360.9, "r3": 361.3}'::jsonb,
   '2025-09-11 08:17:00', '2025-09-11 08:25:00'),
  (116, 58, 2,
   '2025-09-11 08:19:00', '2025-09-11 08:23:00',
   93.75, 93, '{"avg_reaction_ms": null, "memory_pct": 93.75, "duration_min": 4, "game": "Memorama", "correct_hits": 15, "total_required": 16}'::jsonb,
   '2025-09-11 08:19:00', '2025-09-11 08:26:00'),
  (117, 59, 1,
   '2025-09-12 08:19:00', '2025-09-12 08:28:00',
   317.2, 62, '{"avg_reaction_ms": 317.2, "memory_pct": null, "duration_min": 9, "game": "Taptap", "r1": 306.3, "r2": 293.6, "r3": 330.1}'::jsonb,
   '2025-09-12 08:19:00', '2025-09-12 08:31:00'),
  (118, 59, 2,
   '2025-09-12 08:18:00', '2025-09-12 08:22:00',
   100.0, 100, '{"avg_reaction_ms": null, "memory_pct": 100.0, "duration_min": 4, "game": "Memorama", "correct_hits": 16, "total_required": 16}'::jsonb,
   '2025-09-12 08:18:00', '2025-09-12 08:25:00'),
  (119, 60, 1,
   '2025-09-13 08:30:00', '2025-09-13 08:38:00',
   242.2, 79, '{"avg_reaction_ms": 242.2, "memory_pct": null, "duration_min": 8, "game": "Taptap", "r1": 232.9, "r2": 264.1, "r3": 234.5}'::jsonb,
   '2025-09-13 08:30:00', '2025-09-13 08:41:00'),
  (120, 60, 2,
   '2025-09-13 08:29:00', '2025-09-13 08:35:00',
   87.5, 87, '{"avg_reaction_ms": null, "memory_pct": 87.5, "duration_min": 6, "game": "Memorama", "correct_hits": 14, "total_required": 16}'::jsonb,
   '2025-09-13 08:29:00', '2025-09-13 08:38:00'),
  (121, 61, 1,
   '2025-09-14 08:08:00', '2025-09-14 08:13:00',
   249.3, 77, '{"avg_reaction_ms": 249.3, "memory_pct": null, "duration_min": 5, "game": "Taptap", "r1": 266.5, "r2": 229.4, "r3": 262.8}'::jsonb,
   '2025-09-14 08:08:00', '2025-09-14 08:16:00'),
  (122, 61, 2,
   '2025-09-14 08:20:00', '2025-09-14 08:23:00',
   93.75, 93, '{"avg_reaction_ms": null, "memory_pct": 93.75, "duration_min": 3, "game": "Memorama", "correct_hits": 15, "total_required": 16}'::jsonb,
   '2025-09-14 08:20:00', '2025-09-14 08:26:00'),
  (123, 62, 1,
   '2025-09-15 08:26:00', '2025-09-15 08:31:00',
   311.7, 64, '{"avg_reaction_ms": 311.7, "memory_pct": null, "duration_min": 5, "game": "Taptap", "r1": 290.1, "r2": 291.8, "r3": 323.7}'::jsonb,
   '2025-09-15 08:26:00', '2025-09-15 08:34:00'),
  (124, 62, 2,
   '2025-09-15 08:26:00', '2025-09-15 08:31:00',
   100.0, 100, '{"avg_reaction_ms": null, "memory_pct": 100.0, "duration_min": 5, "game": "Memorama", "correct_hits": 16, "total_required": 16}'::jsonb,
   '2025-09-15 08:26:00', '2025-09-15 08:34:00'),
  (125, 63, 1,
   '2025-09-16 08:07:00', '2025-09-16 08:16:00',
   283.7, 70, '{"avg_reaction_ms": 283.7, "memory_pct": null, "duration_min": 9, "game": "Taptap", "r1": 296.2, "r2": 310.3, "r3": 290.0}'::jsonb,
   '2025-09-16 08:07:00', '2025-09-16 08:19:00'),
  (126, 63, 2,
   '2025-09-16 08:20:00', '2025-09-16 08:26:00',
   87.5, 87, '{"avg_reaction_ms": null, "memory_pct": 87.5, "duration_min": 6, "game": "Memorama", "correct_hits": 14, "total_required": 16}'::jsonb,
   '2025-09-16 08:20:00', '2025-09-16 08:29:00'),
  (127, 64, 1,
   '2025-09-17 08:45:00', '2025-09-17 08:55:00',
   348.5, 55, '{"avg_reaction_ms": 348.5, "memory_pct": null, "duration_min": 10, "game": "Taptap", "r1": 327.2, "r2": 360.9, "r3": 353.4}'::jsonb,
   '2025-09-17 08:45:00', '2025-09-17 08:58:00'),
  (128, 64, 2,
   '2025-09-17 08:50:00', '2025-09-17 09:00:00',
   93.75, 93, '{"avg_reaction_ms": null, "memory_pct": 93.75, "duration_min": 10, "game": "Memorama", "correct_hits": 15, "total_required": 16}'::jsonb,
   '2025-09-17 08:50:00', '2025-09-17 09:03:00'),
  (129, 65, 1,
   '2025-09-18 08:46:00', '2025-09-18 08:55:00',
   356.0, 54, '{"avg_reaction_ms": 356.0, "memory_pct": null, "duration_min": 9, "game": "Taptap", "r1": 378.6, "r2": 377.4, "r3": 330.3}'::jsonb,
   '2025-09-18 08:46:00', '2025-09-18 08:58:00'),
  (130, 65, 2,
   '2025-09-18 08:42:00', '2025-09-18 08:45:00',
   100.0, 100, '{"avg_reaction_ms": null, "memory_pct": 100.0, "duration_min": 3, "game": "Memorama", "correct_hits": 16, "total_required": 16}'::jsonb,
   '2025-09-18 08:42:00', '2025-09-18 08:48:00'),
  (131, 66, 1,
   '2025-09-19 08:32:00', '2025-09-19 08:36:00',
   452.5, 32, '{"avg_reaction_ms": 452.5, "memory_pct": null, "duration_min": 4, "game": "Taptap", "r1": 453.9, "r2": 418.5, "r3": 414.8}'::jsonb,
   '2025-09-19 08:32:00', '2025-09-19 08:39:00'),
  (132, 66, 2,
   '2025-09-19 08:26:00', '2025-09-19 08:33:00',
   75.0, 75, '{"avg_reaction_ms": null, "memory_pct": 75.0, "duration_min": 7, "game": "Memorama", "correct_hits": 12, "total_required": 16}'::jsonb,
   '2025-09-19 08:26:00', '2025-09-19 08:36:00'),
  (133, 67, 1,
   '2025-09-20 08:35:00', '2025-09-20 08:40:00',
   339.7, 57, '{"avg_reaction_ms": 339.7, "memory_pct": null, "duration_min": 5, "game": "Taptap", "r1": 312.0, "r2": 367.6, "r3": 361.2}'::jsonb,
   '2025-09-20 08:35:00', '2025-09-20 08:43:00'),
  (134, 67, 2,
   '2025-09-20 08:30:00', '2025-09-20 08:33:00',
   100.0, 100, '{"avg_reaction_ms": null, "memory_pct": 100.0, "duration_min": 3, "game": "Memorama", "correct_hits": 16, "total_required": 16}'::jsonb,
   '2025-09-20 08:30:00', '2025-09-20 08:36:00'),
  (135, 68, 1,
   '2025-11-01 08:27:00', '2025-11-01 08:36:00',
   300.2, 66, '{"avg_reaction_ms": 300.2, "memory_pct": null, "duration_min": 9, "game": "Taptap", "r1": 284.3, "r2": 329.9, "r3": 292.7}'::jsonb,
   '2025-11-01 08:27:00', '2025-11-01 08:39:00'),
  (136, 68, 2,
   '2025-11-01 08:26:00', '2025-11-01 08:34:00',
   81.25, 81, '{"avg_reaction_ms": null, "memory_pct": 81.25, "duration_min": 8, "game": "Memorama", "correct_hits": 13, "total_required": 16}'::jsonb,
   '2025-11-01 08:26:00', '2025-11-01 08:37:00'),
  (137, 69, 1,
   '2025-11-02 08:59:00', '2025-11-02 09:07:00',
   335.0, 58, '{"avg_reaction_ms": 335.0, "memory_pct": null, "duration_min": 8, "game": "Taptap", "r1": 310.7, "r2": 320.7, "r3": 357.1}'::jsonb,
   '2025-11-02 08:59:00', '2025-11-02 09:10:00'),
  (138, 69, 2,
   '2025-11-02 08:43:00', '2025-11-02 08:53:00',
   100.0, 100, '{"avg_reaction_ms": null, "memory_pct": 100.0, "duration_min": 10, "game": "Memorama", "correct_hits": 16, "total_required": 16}'::jsonb,
   '2025-11-02 08:43:00', '2025-11-02 08:56:00'),
  (139, 70, 1,
   '2025-11-03 08:56:00', '2025-11-03 08:59:00',
   348.7, 55, '{"avg_reaction_ms": 348.7, "memory_pct": null, "duration_min": 3, "game": "Taptap", "r1": 315.2, "r2": 328.9, "r3": 324.3}'::jsonb,
   '2025-11-03 08:56:00', '2025-11-03 09:02:00'),
  (140, 70, 2,
   '2025-11-03 08:56:00', '2025-11-03 09:05:00',
   81.25, 81, '{"avg_reaction_ms": null, "memory_pct": 81.25, "duration_min": 9, "game": "Memorama", "correct_hits": 13, "total_required": 16}'::jsonb,
   '2025-11-03 08:56:00', '2025-11-03 09:08:00'),
  (141, 71, 1,
   '2025-09-10 08:22:00', '2025-09-10 08:28:00',
   399.1, 44, '{"avg_reaction_ms": 399.1, "memory_pct": null, "duration_min": 6, "game": "Taptap", "r1": 363.0, "r2": 392.7, "r3": 422.6}'::jsonb,
   '2025-09-10 08:22:00', '2025-09-10 08:31:00'),
  (142, 71, 2,
   '2025-09-10 08:27:00', '2025-09-10 08:31:00',
   56.25, 56, '{"avg_reaction_ms": null, "memory_pct": 56.25, "duration_min": 4, "game": "Memorama", "correct_hits": 9, "total_required": 16}'::jsonb,
   '2025-09-10 08:27:00', '2025-09-10 08:34:00'),
  (143, 72, 1,
   '2025-09-11 08:47:00', '2025-09-11 08:50:00',
   442.2, 35, '{"avg_reaction_ms": 442.2, "memory_pct": null, "duration_min": 3, "game": "Taptap", "r1": 448.8, "r2": 461.5, "r3": 423.7}'::jsonb,
   '2025-09-11 08:47:00', '2025-09-11 08:53:00'),
  (144, 72, 2,
   '2025-09-11 08:32:00', '2025-09-11 08:40:00',
   62.5, 62, '{"avg_reaction_ms": null, "memory_pct": 62.5, "duration_min": 8, "game": "Memorama", "correct_hits": 10, "total_required": 16}'::jsonb,
   '2025-09-11 08:32:00', '2025-09-11 08:43:00'),
  (145, 73, 1,
   '2025-09-12 08:33:00', '2025-09-12 08:42:00',
   518.1, 18, '{"avg_reaction_ms": 518.1, "memory_pct": null, "duration_min": 9, "game": "Taptap", "r1": 535.5, "r2": 520.5, "r3": 503.7}'::jsonb,
   '2025-09-12 08:33:00', '2025-09-12 08:45:00'),
  (146, 73, 2,
   '2025-09-12 08:31:00', '2025-09-12 08:34:00',
   43.75, 43, '{"avg_reaction_ms": null, "memory_pct": 43.75, "duration_min": 3, "game": "Memorama", "correct_hits": 7, "total_required": 16}'::jsonb,
   '2025-09-12 08:31:00', '2025-09-12 08:37:00'),
  (147, 74, 1,
   '2025-09-13 08:19:00', '2025-09-13 08:22:00',
   442.6, 34, '{"avg_reaction_ms": 442.6, "memory_pct": null, "duration_min": 3, "game": "Taptap", "r1": 485.2, "r2": 420.8, "r3": 399.8}'::jsonb,
   '2025-09-13 08:19:00', '2025-09-13 08:25:00'),
  (148, 74, 2,
   '2025-09-13 08:06:00', '2025-09-13 08:14:00',
   62.5, 62, '{"avg_reaction_ms": null, "memory_pct": 62.5, "duration_min": 8, "game": "Memorama", "correct_hits": 10, "total_required": 16}'::jsonb,
   '2025-09-13 08:06:00', '2025-09-13 08:17:00'),
  (149, 75, 1,
   '2025-09-14 09:04:00', '2025-09-14 09:08:00',
   605.7, 0, '{"avg_reaction_ms": 605.7, "memory_pct": null, "duration_min": 4, "game": "Taptap", "r1": 634.2, "r2": 585.4, "r3": 550.5}'::jsonb,
   '2025-09-14 09:04:00', '2025-09-14 09:11:00'),
  (150, 75, 2,
   '2025-09-14 09:01:00', '2025-09-14 09:09:00',
   56.25, 56, '{"avg_reaction_ms": null, "memory_pct": 56.25, "duration_min": 8, "game": "Memorama", "correct_hits": 9, "total_required": 16}'::jsonb,
   '2025-09-14 09:01:00', '2025-09-14 09:12:00'),
  (151, 76, 1,
   '2025-09-15 08:49:00', '2025-09-15 08:59:00',
   487.5, 25, '{"avg_reaction_ms": 487.5, "memory_pct": null, "duration_min": 10, "game": "Taptap", "r1": 485.4, "r2": 456.5, "r3": 451.9}'::jsonb,
   '2025-09-15 08:49:00', '2025-09-15 09:02:00'),
  (152, 76, 2,
   '2025-09-15 08:58:00', '2025-09-15 09:01:00',
   68.75, 68, '{"avg_reaction_ms": null, "memory_pct": 68.75, "duration_min": 3, "game": "Memorama", "correct_hits": 11, "total_required": 16}'::jsonb,
   '2025-09-15 08:58:00', '2025-09-15 09:04:00'),
  (153, 77, 1,
   '2025-09-16 08:13:00', '2025-09-16 08:16:00',
   462.8, 30, '{"avg_reaction_ms": 462.8, "memory_pct": null, "duration_min": 3, "game": "Taptap", "r1": 498.5, "r2": 445.7, "r3": 445.2}'::jsonb,
   '2025-09-16 08:13:00', '2025-09-16 08:19:00'),
  (154, 77, 2,
   '2025-09-16 08:19:00', '2025-09-16 08:29:00',
   68.75, 68, '{"avg_reaction_ms": null, "memory_pct": 68.75, "duration_min": 10, "game": "Memorama", "correct_hits": 11, "total_required": 16}'::jsonb,
   '2025-09-16 08:19:00', '2025-09-16 08:32:00'),
  (155, 78, 1,
   '2025-09-17 08:29:00', '2025-09-17 08:35:00',
   397.2, 45, '{"avg_reaction_ms": 397.2, "memory_pct": null, "duration_min": 6, "game": "Taptap", "r1": 426.0, "r2": 361.3, "r3": 409.6}'::jsonb,
   '2025-09-17 08:29:00', '2025-09-17 08:38:00'),
  (156, 78, 2,
   '2025-09-17 08:36:00', '2025-09-17 08:40:00',
   68.75, 68, '{"avg_reaction_ms": null, "memory_pct": 68.75, "duration_min": 4, "game": "Memorama", "correct_hits": 11, "total_required": 16}'::jsonb,
   '2025-09-17 08:36:00', '2025-09-17 08:43:00'),
  (157, 79, 1,
   '2025-09-18 08:48:00', '2025-09-18 08:57:00',
   456.6, 31, '{"avg_reaction_ms": 456.6, "memory_pct": null, "duration_min": 9, "game": "Taptap", "r1": 492.6, "r2": 446.2, "r3": 499.9}'::jsonb,
   '2025-09-18 08:48:00', '2025-09-18 09:00:00'),
  (158, 79, 2,
   '2025-09-18 08:50:00', '2025-09-18 09:00:00',
   68.75, 68, '{"avg_reaction_ms": null, "memory_pct": 68.75, "duration_min": 10, "game": "Memorama", "correct_hits": 11, "total_required": 16}'::jsonb,
   '2025-09-18 08:50:00', '2025-09-18 09:03:00'),
  (159, 80, 1,
   '2025-09-19 08:33:00', '2025-09-19 08:40:00',
   464.1, 30, '{"avg_reaction_ms": 464.1, "memory_pct": null, "duration_min": 7, "game": "Taptap", "r1": 485.2, "r2": 425.0, "r3": 473.6}'::jsonb,
   '2025-09-19 08:33:00', '2025-09-19 08:43:00'),
  (160, 80, 2,
   '2025-09-19 08:22:00', '2025-09-19 08:29:00',
   68.75, 68, '{"avg_reaction_ms": null, "memory_pct": 68.75, "duration_min": 7, "game": "Memorama", "correct_hits": 11, "total_required": 16}'::jsonb,
   '2025-09-19 08:22:00', '2025-09-19 08:32:00'),
  (161, 81, 1,
   '2025-09-20 08:31:00', '2025-09-20 08:35:00',
   539.2, 13, '{"avg_reaction_ms": 539.2, "memory_pct": null, "duration_min": 4, "game": "Taptap", "r1": 517.2, "r2": 533.4, "r3": 562.7}'::jsonb,
   '2025-09-20 08:31:00', '2025-09-20 08:38:00'),
  (162, 81, 2,
   '2025-09-20 08:33:00', '2025-09-20 08:43:00',
   37.5, 37, '{"avg_reaction_ms": null, "memory_pct": 37.5, "duration_min": 10, "game": "Memorama", "correct_hits": 6, "total_required": 16}'::jsonb,
   '2025-09-20 08:33:00', '2025-09-20 08:46:00'),
  (163, 82, 1,
   '2025-11-01 08:28:00', '2025-11-01 08:31:00',
   454.5, 32, '{"avg_reaction_ms": 454.5, "memory_pct": null, "duration_min": 3, "game": "Taptap", "r1": 491.9, "r2": 464.9, "r3": 448.6}'::jsonb,
   '2025-11-01 08:28:00', '2025-11-01 08:34:00'),
  (164, 82, 2,
   '2025-11-01 08:34:00', '2025-11-01 08:37:00',
   56.25, 56, '{"avg_reaction_ms": null, "memory_pct": 56.25, "duration_min": 3, "game": "Memorama", "correct_hits": 9, "total_required": 16}'::jsonb,
   '2025-11-01 08:34:00', '2025-11-01 08:40:00'),
  (165, 83, 1,
   '2025-11-02 08:46:00', '2025-11-02 08:55:00',
   544.5, 12, '{"avg_reaction_ms": 544.5, "memory_pct": null, "duration_min": 9, "game": "Taptap", "r1": 577.3, "r2": 564.0, "r3": 593.8}'::jsonb,
   '2025-11-02 08:46:00', '2025-11-02 08:58:00'),
  (166, 83, 2,
   '2025-11-02 08:30:00', '2025-11-02 08:40:00',
   25.0, 25, '{"avg_reaction_ms": null, "memory_pct": 25.0, "duration_min": 10, "game": "Memorama", "correct_hits": 4, "total_required": 16}'::jsonb,
   '2025-11-02 08:30:00', '2025-11-02 08:43:00'),
  (167, 84, 1,
   '2025-11-03 08:40:00', '2025-11-03 08:44:00',
   390.7, 46, '{"avg_reaction_ms": 390.7, "memory_pct": null, "duration_min": 4, "game": "Taptap", "r1": 402.0, "r2": 379.9, "r3": 425.8}'::jsonb,
   '2025-11-03 08:40:00', '2025-11-03 08:47:00'),
  (168, 84, 2,
   '2025-11-03 08:37:00', '2025-11-03 08:42:00',
   75.0, 75, '{"avg_reaction_ms": null, "memory_pct": 75.0, "duration_min": 5, "game": "Memorama", "correct_hits": 12, "total_required": 16}'::jsonb,
   '2025-11-03 08:37:00', '2025-11-03 08:45:00'),
  (169, 85, 1,
   '2025-09-10 08:37:00', '2025-09-10 08:45:00',
   556.6, 9, '{"avg_reaction_ms": 556.6, "memory_pct": null, "duration_min": 8, "game": "Taptap", "r1": 509.5, "r2": 516.3, "r3": 541.8}'::jsonb,
   '2025-09-10 08:37:00', '2025-09-10 08:48:00'),
  (170, 85, 2,
   '2025-09-10 08:36:00', '2025-09-10 08:43:00',
   31.25, 31, '{"avg_reaction_ms": null, "memory_pct": 31.25, "duration_min": 7, "game": "Memorama", "correct_hits": 5, "total_required": 16}'::jsonb,
   '2025-09-10 08:36:00', '2025-09-10 08:46:00'),
  (171, 86, 1,
   '2025-09-11 08:34:00', '2025-09-11 08:37:00',
   600.4, 0, '{"avg_reaction_ms": 600.4, "memory_pct": null, "duration_min": 3, "game": "Taptap", "r1": 600.3, "r2": 586.8, "r3": 607.8}'::jsonb,
   '2025-09-11 08:34:00', '2025-09-11 08:40:00'),
  (172, 86, 2,
   '2025-09-11 08:39:00', '2025-09-11 08:46:00',
   56.25, 56, '{"avg_reaction_ms": null, "memory_pct": 56.25, "duration_min": 7, "game": "Memorama", "correct_hits": 9, "total_required": 16}'::jsonb,
   '2025-09-11 08:39:00', '2025-09-11 08:49:00'),
  (173, 87, 1,
   '2025-09-12 08:43:00', '2025-09-12 08:49:00',
   639.5, 0, '{"avg_reaction_ms": 639.5, "memory_pct": null, "duration_min": 6, "game": "Taptap", "r1": 612.1, "r2": 692.8, "r3": 638.4}'::jsonb,
   '2025-09-12 08:43:00', '2025-09-12 08:52:00'),
  (174, 87, 2,
   '2025-09-12 08:32:00', '2025-09-12 08:37:00',
   25.0, 25, '{"avg_reaction_ms": null, "memory_pct": 25.0, "duration_min": 5, "game": "Memorama", "correct_hits": 4, "total_required": 16}'::jsonb,
   '2025-09-12 08:32:00', '2025-09-12 08:40:00'),
  (175, 88, 1,
   '2025-09-13 08:19:00', '2025-09-13 08:24:00',
   624.8, 0, '{"avg_reaction_ms": 624.8, "memory_pct": null, "duration_min": 5, "game": "Taptap", "r1": 617.9, "r2": 573.3, "r3": 647.5}'::jsonb,
   '2025-09-13 08:19:00', '2025-09-13 08:27:00'),
  (176, 88, 2,
   '2025-09-13 08:15:00', '2025-09-13 08:23:00',
   56.25, 56, '{"avg_reaction_ms": null, "memory_pct": 56.25, "duration_min": 8, "game": "Memorama", "correct_hits": 9, "total_required": 16}'::jsonb,
   '2025-09-13 08:15:00', '2025-09-13 08:26:00'),
  (177, 89, 1,
   '2025-09-14 08:26:00', '2025-09-14 08:33:00',
   623.7, 0, '{"avg_reaction_ms": 623.7, "memory_pct": null, "duration_min": 7, "game": "Taptap", "r1": 667.5, "r2": 650.1, "r3": 677.0}'::jsonb,
   '2025-09-14 08:26:00', '2025-09-14 08:36:00'),
  (178, 89, 2,
   '2025-09-14 08:44:00', '2025-09-14 08:49:00',
   37.5, 37, '{"avg_reaction_ms": null, "memory_pct": 37.5, "duration_min": 5, "game": "Memorama", "correct_hits": 6, "total_required": 16}'::jsonb,
   '2025-09-14 08:44:00', '2025-09-14 08:52:00'),
  (179, 90, 1,
   '2025-09-15 08:21:00', '2025-09-15 08:27:00',
   508.2, 20, '{"avg_reaction_ms": 508.2, "memory_pct": null, "duration_min": 6, "game": "Taptap", "r1": 477.8, "r2": 471.5, "r3": 537.7}'::jsonb,
   '2025-09-15 08:21:00', '2025-09-15 08:30:00'),
  (180, 90, 2,
   '2025-09-15 08:05:00', '2025-09-15 08:13:00',
   50.0, 50, '{"avg_reaction_ms": null, "memory_pct": 50.0, "duration_min": 8, "game": "Memorama", "correct_hits": 8, "total_required": 16}'::jsonb,
   '2025-09-15 08:05:00', '2025-09-15 08:16:00'),
  (181, 91, 1,
   '2025-09-16 08:59:00', '2025-09-16 09:07:00',
   560.1, 8, '{"avg_reaction_ms": 560.1, "memory_pct": null, "duration_min": 8, "game": "Taptap", "r1": 614.2, "r2": 518.6, "r3": 603.1}'::jsonb,
   '2025-09-16 08:59:00', '2025-09-16 09:10:00'),
  (182, 91, 2,
   '2025-09-16 08:43:00', '2025-09-16 08:50:00',
   43.75, 43, '{"avg_reaction_ms": null, "memory_pct": 43.75, "duration_min": 7, "game": "Memorama", "correct_hits": 7, "total_required": 16}'::jsonb,
   '2025-09-16 08:43:00', '2025-09-16 08:53:00'),
  (183, 92, 1,
   '2025-09-17 08:57:00', '2025-09-17 09:06:00',
   605.4, 0, '{"avg_reaction_ms": 605.4, "memory_pct": null, "duration_min": 9, "game": "Taptap", "r1": 644.5, "r2": 553.8, "r3": 662.6}'::jsonb,
   '2025-09-17 08:57:00', '2025-09-17 09:09:00'),
  (184, 92, 2,
   '2025-09-17 09:02:00', '2025-09-17 09:06:00',
   43.75, 43, '{"avg_reaction_ms": null, "memory_pct": 43.75, "duration_min": 4, "game": "Memorama", "correct_hits": 7, "total_required": 16}'::jsonb,
   '2025-09-17 09:02:00', '2025-09-17 09:09:00'),
  (185, 93, 1,
   '2025-09-18 08:37:00', '2025-09-18 08:45:00',
   509.3, 20, '{"avg_reaction_ms": 509.3, "memory_pct": null, "duration_min": 8, "game": "Taptap", "r1": 542.8, "r2": 514.5, "r3": 518.2}'::jsonb,
   '2025-09-18 08:37:00', '2025-09-18 08:48:00'),
  (186, 93, 2,
   '2025-09-18 08:27:00', '2025-09-18 08:36:00',
   50.0, 50, '{"avg_reaction_ms": null, "memory_pct": 50.0, "duration_min": 9, "game": "Memorama", "correct_hits": 8, "total_required": 16}'::jsonb,
   '2025-09-18 08:27:00', '2025-09-18 08:39:00'),
  (187, 94, 1,
   '2025-09-19 08:02:00', '2025-09-19 08:06:00',
   427.4, 38, '{"avg_reaction_ms": 427.4, "memory_pct": null, "duration_min": 4, "game": "Taptap", "r1": 410.7, "r2": 398.5, "r3": 464.6}'::jsonb,
   '2025-09-19 08:02:00', '2025-09-19 08:09:00'),
  (188, 94, 2,
   '2025-09-19 08:08:00', '2025-09-19 08:16:00',
   81.25, 81, '{"avg_reaction_ms": null, "memory_pct": 81.25, "duration_min": 8, "game": "Memorama", "correct_hits": 13, "total_required": 16}'::jsonb,
   '2025-09-19 08:08:00', '2025-09-19 08:19:00'),
  (189, 95, 1,
   '2025-09-20 08:21:00', '2025-09-20 08:25:00',
   527.6, 16, '{"avg_reaction_ms": 527.6, "memory_pct": null, "duration_min": 4, "game": "Taptap", "r1": 541.9, "r2": 533.0, "r3": 488.0}'::jsonb,
   '2025-09-20 08:21:00', '2025-09-20 08:28:00'),
  (190, 95, 2,
   '2025-09-20 08:21:00', '2025-09-20 08:25:00',
   50.0, 50, '{"avg_reaction_ms": null, "memory_pct": 50.0, "duration_min": 4, "game": "Memorama", "correct_hits": 8, "total_required": 16}'::jsonb,
   '2025-09-20 08:21:00', '2025-09-20 08:28:00'),
  (191, 96, 1,
   '2025-11-01 08:27:00', '2025-11-01 08:32:00',
   578.8, 4, '{"avg_reaction_ms": 578.8, "memory_pct": null, "duration_min": 5, "game": "Taptap", "r1": 588.1, "r2": 540.7, "r3": 593.2}'::jsonb,
   '2025-11-01 08:27:00', '2025-11-01 08:35:00'),
  (192, 96, 2,
   '2025-11-01 08:26:00', '2025-11-01 08:34:00',
   50.0, 50, '{"avg_reaction_ms": null, "memory_pct": 50.0, "duration_min": 8, "game": "Memorama", "correct_hits": 8, "total_required": 16}'::jsonb,
   '2025-11-01 08:26:00', '2025-11-01 08:37:00'),
  (193, 97, 1,
   '2025-11-02 08:24:00', '2025-11-02 08:27:00',
   502.2, 21, '{"avg_reaction_ms": 502.2, "memory_pct": null, "duration_min": 3, "game": "Taptap", "r1": 547.3, "r2": 529.4, "r3": 478.6}'::jsonb,
   '2025-11-02 08:24:00', '2025-11-02 08:30:00'),
  (194, 97, 2,
   '2025-11-02 08:29:00', '2025-11-02 08:38:00',
   50.0, 50, '{"avg_reaction_ms": null, "memory_pct": 50.0, "duration_min": 9, "game": "Memorama", "correct_hits": 8, "total_required": 16}'::jsonb,
   '2025-11-02 08:29:00', '2025-11-02 08:41:00'),
  (195, 98, 1,
   '2025-11-03 09:00:00', '2025-11-03 09:03:00',
   424.7, 38, '{"avg_reaction_ms": 424.7, "memory_pct": null, "duration_min": 3, "game": "Taptap", "r1": 435.5, "r2": 406.8, "r3": 463.5}'::jsonb,
   '2025-11-03 09:00:00', '2025-11-03 09:06:00'),
  (196, 98, 2,
   '2025-11-03 08:55:00', '2025-11-03 09:01:00',
   75.0, 75, '{"avg_reaction_ms": null, "memory_pct": 75.0, "duration_min": 6, "game": "Memorama", "correct_hits": 12, "total_required": 16}'::jsonb,
   '2025-11-03 08:55:00', '2025-11-03 09:04:00'),
  (197, 99, 1,
   '2025-09-10 08:42:00', '2025-09-10 08:52:00',
   248.8, 78, '{"avg_reaction_ms": 248.8, "memory_pct": null, "duration_min": 10, "game": "Taptap", "r1": 226.9, "r2": 245.8, "r3": 248.0}'::jsonb,
   '2025-09-10 08:42:00', '2025-09-10 08:55:00'),
  (198, 99, 2,
   '2025-09-10 08:39:00', '2025-09-10 08:47:00',
   87.5, 87, '{"avg_reaction_ms": null, "memory_pct": 87.5, "duration_min": 8, "game": "Memorama", "correct_hits": 14, "total_required": 16}'::jsonb,
   '2025-09-10 08:39:00', '2025-09-10 08:50:00'),
  (199, 100, 1,
   '2025-09-11 08:47:00', '2025-09-11 08:55:00',
   328.1, 60, '{"avg_reaction_ms": 328.1, "memory_pct": null, "duration_min": 8, "game": "Taptap", "r1": 351.8, "r2": 359.3, "r3": 303.9}'::jsonb,
   '2025-09-11 08:47:00', '2025-09-11 08:58:00'),
  (200, 100, 2,
   '2025-09-11 08:48:00', '2025-09-11 08:52:00',
   93.75, 93, '{"avg_reaction_ms": null, "memory_pct": 93.75, "duration_min": 4, "game": "Memorama", "correct_hits": 15, "total_required": 16}'::jsonb,
   '2025-09-11 08:48:00', '2025-09-11 08:55:00'),
  (201, 101, 1,
   '2025-09-12 08:35:00', '2025-09-12 08:45:00',
   254.7, 76, '{"avg_reaction_ms": 254.7, "memory_pct": null, "duration_min": 10, "game": "Taptap", "r1": 252.1, "r2": 236.4, "r3": 231.8}'::jsonb,
   '2025-09-12 08:35:00', '2025-09-12 08:48:00'),
  (202, 101, 2,
   '2025-09-12 08:40:00', '2025-09-12 08:49:00',
   87.5, 87, '{"avg_reaction_ms": null, "memory_pct": 87.5, "duration_min": 9, "game": "Memorama", "correct_hits": 14, "total_required": 16}'::jsonb,
   '2025-09-12 08:40:00', '2025-09-12 08:52:00'),
  (203, 102, 1,
   '2025-09-13 08:25:00', '2025-09-13 08:33:00',
   352.1, 55, '{"avg_reaction_ms": 352.1, "memory_pct": null, "duration_min": 8, "game": "Taptap", "r1": 367.7, "r2": 330.3, "r3": 328.1}'::jsonb,
   '2025-09-13 08:25:00', '2025-09-13 08:36:00'),
  (204, 102, 2,
   '2025-09-13 08:36:00', '2025-09-13 08:46:00',
   100.0, 100, '{"avg_reaction_ms": null, "memory_pct": 100.0, "duration_min": 10, "game": "Memorama", "correct_hits": 16, "total_required": 16}'::jsonb,
   '2025-09-13 08:36:00', '2025-09-13 08:49:00'),
  (205, 103, 1,
   '2025-09-14 08:47:00', '2025-09-14 08:57:00',
   363.0, 52, '{"avg_reaction_ms": 363.0, "memory_pct": null, "duration_min": 10, "game": "Taptap", "r1": 395.3, "r2": 363.4, "r3": 396.9}'::jsonb,
   '2025-09-14 08:47:00', '2025-09-14 09:00:00'),
  (206, 103, 2,
   '2025-09-14 08:44:00', '2025-09-14 08:52:00',
   56.25, 56, '{"avg_reaction_ms": null, "memory_pct": 56.25, "duration_min": 8, "game": "Memorama", "correct_hits": 9, "total_required": 16}'::jsonb,
   '2025-09-14 08:44:00', '2025-09-14 08:55:00'),
  (207, 104, 1,
   '2025-09-15 08:32:00', '2025-09-15 08:39:00',
   299.4, 66, '{"avg_reaction_ms": 299.4, "memory_pct": null, "duration_min": 7, "game": "Taptap", "r1": 322.3, "r2": 308.6, "r3": 297.6}'::jsonb,
   '2025-09-15 08:32:00', '2025-09-15 08:42:00'),
  (208, 104, 2,
   '2025-09-15 08:48:00', '2025-09-15 08:51:00',
   81.25, 81, '{"avg_reaction_ms": null, "memory_pct": 81.25, "duration_min": 3, "game": "Memorama", "correct_hits": 13, "total_required": 16}'::jsonb,
   '2025-09-15 08:48:00', '2025-09-15 08:54:00'),
  (209, 105, 1,
   '2025-09-16 08:44:00', '2025-09-16 08:49:00',
   345.9, 56, '{"avg_reaction_ms": 345.9, "memory_pct": null, "duration_min": 5, "game": "Taptap", "r1": 361.6, "r2": 364.2, "r3": 336.6}'::jsonb,
   '2025-09-16 08:44:00', '2025-09-16 08:52:00'),
  (210, 105, 2,
   '2025-09-16 08:43:00', '2025-09-16 08:46:00',
   87.5, 87, '{"avg_reaction_ms": null, "memory_pct": 87.5, "duration_min": 3, "game": "Memorama", "correct_hits": 14, "total_required": 16}'::jsonb,
   '2025-09-16 08:43:00', '2025-09-16 08:49:00'),
  (211, 106, 1,
   '2025-09-17 08:48:00', '2025-09-17 08:55:00',
   248.8, 78, '{"avg_reaction_ms": 248.8, "memory_pct": null, "duration_min": 7, "game": "Taptap", "r1": 249.0, "r2": 262.0, "r3": 237.8}'::jsonb,
   '2025-09-17 08:48:00', '2025-09-17 08:58:00'),
  (212, 106, 2,
   '2025-09-17 08:56:00', '2025-09-17 09:00:00',
   87.5, 87, '{"avg_reaction_ms": null, "memory_pct": 87.5, "duration_min": 4, "game": "Memorama", "correct_hits": 14, "total_required": 16}'::jsonb,
   '2025-09-17 08:56:00', '2025-09-17 09:03:00'),
  (213, 107, 1,
   '2025-09-18 08:38:00', '2025-09-18 08:47:00',
   284.8, 70, '{"avg_reaction_ms": 284.8, "memory_pct": null, "duration_min": 9, "game": "Taptap", "r1": 312.5, "r2": 288.1, "r3": 277.1}'::jsonb,
   '2025-09-18 08:38:00', '2025-09-18 08:50:00'),
  (214, 107, 2,
   '2025-09-18 08:39:00', '2025-09-18 08:45:00',
   100.0, 100, '{"avg_reaction_ms": null, "memory_pct": 100.0, "duration_min": 6, "game": "Memorama", "correct_hits": 16, "total_required": 16}'::jsonb,
   '2025-09-18 08:39:00', '2025-09-18 08:48:00'),
  (215, 108, 1,
   '2025-09-19 08:36:00', '2025-09-19 08:39:00',
   365.9, 52, '{"avg_reaction_ms": 365.9, "memory_pct": null, "duration_min": 3, "game": "Taptap", "r1": 339.3, "r2": 353.7, "r3": 364.0}'::jsonb,
   '2025-09-19 08:36:00', '2025-09-19 08:42:00'),
  (216, 108, 2,
   '2025-09-19 08:34:00', '2025-09-19 08:39:00',
   81.25, 81, '{"avg_reaction_ms": null, "memory_pct": 81.25, "duration_min": 5, "game": "Memorama", "correct_hits": 13, "total_required": 16}'::jsonb,
   '2025-09-19 08:34:00', '2025-09-19 08:42:00'),
  (217, 109, 1,
   '2025-09-20 08:29:00', '2025-09-20 08:34:00',
   279.4, 71, '{"avg_reaction_ms": 279.4, "memory_pct": null, "duration_min": 5, "game": "Taptap", "r1": 285.7, "r2": 260.5, "r3": 306.8}'::jsonb,
   '2025-09-20 08:29:00', '2025-09-20 08:37:00'),
  (218, 109, 2,
   '2025-09-20 08:22:00', '2025-09-20 08:30:00',
   100.0, 100, '{"avg_reaction_ms": null, "memory_pct": 100.0, "duration_min": 8, "game": "Memorama", "correct_hits": 16, "total_required": 16}'::jsonb,
   '2025-09-20 08:22:00', '2025-09-20 08:33:00'),
  (219, 110, 1,
   '2025-11-01 08:30:00', '2025-11-01 08:37:00',
   297.0, 67, '{"avg_reaction_ms": 297.0, "memory_pct": null, "duration_min": 7, "game": "Taptap", "r1": 268.3, "r2": 287.0, "r3": 273.8}'::jsonb,
   '2025-11-01 08:30:00', '2025-11-01 08:40:00'),
  (220, 110, 2,
   '2025-11-01 08:25:00', '2025-11-01 08:32:00',
   81.25, 81, '{"avg_reaction_ms": null, "memory_pct": 81.25, "duration_min": 7, "game": "Memorama", "correct_hits": 13, "total_required": 16}'::jsonb,
   '2025-11-01 08:25:00', '2025-11-01 08:35:00'),
  (221, 111, 1,
   '2025-11-02 08:53:00', '2025-11-02 09:03:00',
   394.5, 45, '{"avg_reaction_ms": 394.5, "memory_pct": null, "duration_min": 10, "game": "Taptap", "r1": 406.8, "r2": 431.7, "r3": 400.7}'::jsonb,
   '2025-11-02 08:53:00', '2025-11-02 09:06:00'),
  (222, 111, 2,
   '2025-11-02 08:41:00', '2025-11-02 08:44:00',
   81.25, 81, '{"avg_reaction_ms": null, "memory_pct": 81.25, "duration_min": 3, "game": "Memorama", "correct_hits": 13, "total_required": 16}'::jsonb,
   '2025-11-02 08:41:00', '2025-11-02 08:47:00'),
  (223, 112, 1,
   '2025-11-03 08:46:00', '2025-11-03 08:51:00',
   428.2, 38, '{"avg_reaction_ms": 428.2, "memory_pct": null, "duration_min": 5, "game": "Taptap", "r1": 447.1, "r2": 451.7, "r3": 417.9}'::jsonb,
   '2025-11-03 08:46:00', '2025-11-03 08:54:00'),
  (224, 112, 2,
   '2025-11-03 08:38:00', '2025-11-03 08:41:00',
   81.25, 81, '{"avg_reaction_ms": null, "memory_pct": 81.25, "duration_min": 3, "game": "Memorama", "correct_hits": 13, "total_required": 16}'::jsonb,
   '2025-11-03 08:38:00', '2025-11-03 08:44:00'),
  (225, 113, 1,
   '2025-09-10 08:31:00', '2025-09-10 08:37:00',
   492.8, 23, '{"avg_reaction_ms": 492.8, "memory_pct": null, "duration_min": 6, "game": "Taptap", "r1": 474.4, "r2": 458.4, "r3": 511.6}'::jsonb,
   '2025-09-10 08:31:00', '2025-09-10 08:40:00'),
  (226, 113, 2,
   '2025-09-10 08:41:00', '2025-09-10 08:51:00',
   56.25, 56, '{"avg_reaction_ms": null, "memory_pct": 56.25, "duration_min": 10, "game": "Memorama", "correct_hits": 9, "total_required": 16}'::jsonb,
   '2025-09-10 08:41:00', '2025-09-10 08:54:00'),
  (227, 114, 1,
   '2025-09-11 08:05:00', '2025-09-11 08:10:00',
   427.4, 38, '{"avg_reaction_ms": 427.4, "memory_pct": null, "duration_min": 5, "game": "Taptap", "r1": 432.6, "r2": 470.0, "r3": 425.6}'::jsonb,
   '2025-09-11 08:05:00', '2025-09-11 08:13:00'),
  (228, 114, 2,
   '2025-09-11 08:16:00', '2025-09-11 08:24:00',
   62.5, 62, '{"avg_reaction_ms": null, "memory_pct": 62.5, "duration_min": 8, "game": "Memorama", "correct_hits": 10, "total_required": 16}'::jsonb,
   '2025-09-11 08:16:00', '2025-09-11 08:27:00'),
  (229, 115, 1,
   '2025-09-12 08:50:00', '2025-09-12 08:58:00',
   571.9, 6, '{"avg_reaction_ms": 571.9, "memory_pct": null, "duration_min": 8, "game": "Taptap", "r1": 592.0, "r2": 614.0, "r3": 592.6}'::jsonb,
   '2025-09-12 08:50:00', '2025-09-12 09:01:00'),
  (230, 115, 2,
   '2025-09-12 08:44:00', '2025-09-12 08:54:00',
   31.25, 31, '{"avg_reaction_ms": null, "memory_pct": 31.25, "duration_min": 10, "game": "Memorama", "correct_hits": 5, "total_required": 16}'::jsonb,
   '2025-09-12 08:44:00', '2025-09-12 08:57:00'),
  (231, 116, 1,
   '2025-09-13 08:21:00', '2025-09-13 08:28:00',
   307.0, 65, '{"avg_reaction_ms": 307.0, "memory_pct": null, "duration_min": 7, "game": "Taptap", "r1": 290.1, "r2": 336.0, "r3": 294.6}'::jsonb,
   '2025-09-13 08:21:00', '2025-09-13 08:31:00'),
  (232, 116, 2,
   '2025-09-13 08:23:00', '2025-09-13 08:29:00',
   100.0, 100, '{"avg_reaction_ms": null, "memory_pct": 100.0, "duration_min": 6, "game": "Memorama", "correct_hits": 16, "total_required": 16}'::jsonb,
   '2025-09-13 08:23:00', '2025-09-13 08:32:00'),
  (233, 117, 1,
   '2025-09-14 08:47:00', '2025-09-14 08:57:00',
   405.3, 43, '{"avg_reaction_ms": 405.3, "memory_pct": null, "duration_min": 10, "game": "Taptap", "r1": 440.5, "r2": 429.2, "r3": 386.9}'::jsonb,
   '2025-09-14 08:47:00', '2025-09-14 09:00:00'),
  (234, 117, 2,
   '2025-09-14 08:40:00', '2025-09-14 08:49:00',
   75.0, 75, '{"avg_reaction_ms": null, "memory_pct": 75.0, "duration_min": 9, "game": "Memorama", "correct_hits": 12, "total_required": 16}'::jsonb,
   '2025-09-14 08:40:00', '2025-09-14 08:52:00'),
  (235, 118, 1,
   '2025-09-15 08:51:00', '2025-09-15 08:56:00',
   533.6, 14, '{"avg_reaction_ms": 533.6, "memory_pct": null, "duration_min": 5, "game": "Taptap", "r1": 510.9, "r2": 556.5, "r3": 517.2}'::jsonb,
   '2025-09-15 08:51:00', '2025-09-15 08:59:00'),
  (236, 118, 2,
   '2025-09-15 08:54:00', '2025-09-15 09:01:00',
   56.25, 56, '{"avg_reaction_ms": null, "memory_pct": 56.25, "duration_min": 7, "game": "Memorama", "correct_hits": 9, "total_required": 16}'::jsonb,
   '2025-09-15 08:54:00', '2025-09-15 09:04:00'),
  (237, 119, 1,
   '2025-09-16 08:19:00', '2025-09-16 08:25:00',
   386.3, 47, '{"avg_reaction_ms": 386.3, "memory_pct": null, "duration_min": 6, "game": "Taptap", "r1": 389.3, "r2": 419.8, "r3": 401.5}'::jsonb,
   '2025-09-16 08:19:00', '2025-09-16 08:28:00'),
  (238, 119, 2,
   '2025-09-16 08:08:00', '2025-09-16 08:12:00',
   81.25, 81, '{"avg_reaction_ms": null, "memory_pct": 81.25, "duration_min": 4, "game": "Memorama", "correct_hits": 13, "total_required": 16}'::jsonb,
   '2025-09-16 08:08:00', '2025-09-16 08:15:00'),
  (239, 120, 1,
   '2025-09-17 09:03:00', '2025-09-17 09:09:00',
   526.4, 16, '{"avg_reaction_ms": 526.4, "memory_pct": null, "duration_min": 6, "game": "Taptap", "r1": 544.3, "r2": 529.7, "r3": 540.9}'::jsonb,
   '2025-09-17 09:03:00', '2025-09-17 09:12:00'),
  (240, 120, 2,
   '2025-09-17 08:46:00', '2025-09-17 08:50:00',
   43.75, 43, '{"avg_reaction_ms": null, "memory_pct": 43.75, "duration_min": 4, "game": "Memorama", "correct_hits": 7, "total_required": 16}'::jsonb,
   '2025-09-17 08:46:00', '2025-09-17 08:53:00'),
  (241, 121, 1,
   '2025-09-18 08:26:00', '2025-09-18 08:36:00',
   373.1, 50, '{"avg_reaction_ms": 373.1, "memory_pct": null, "duration_min": 10, "game": "Taptap", "r1": 393.3, "r2": 336.2, "r3": 376.9}'::jsonb,
   '2025-09-18 08:26:00', '2025-09-18 08:39:00'),
  (242, 121, 2,
   '2025-09-18 08:21:00', '2025-09-18 08:30:00',
   75.0, 75, '{"avg_reaction_ms": null, "memory_pct": 75.0, "duration_min": 9, "game": "Memorama", "correct_hits": 12, "total_required": 16}'::jsonb,
   '2025-09-18 08:21:00', '2025-09-18 08:33:00'),
  (243, 122, 1,
   '2025-09-19 08:56:00', '2025-09-19 09:02:00',
   603.4, 0, '{"avg_reaction_ms": 603.4, "memory_pct": null, "duration_min": 6, "game": "Taptap", "r1": 577.7, "r2": 577.5, "r3": 550.2}'::jsonb,
   '2025-09-19 08:56:00', '2025-09-19 09:05:00'),
  (244, 122, 2,
   '2025-09-19 08:43:00', '2025-09-19 08:49:00',
   50.0, 50, '{"avg_reaction_ms": null, "memory_pct": 50.0, "duration_min": 6, "game": "Memorama", "correct_hits": 8, "total_required": 16}'::jsonb,
   '2025-09-19 08:43:00', '2025-09-19 08:52:00'),
  (245, 123, 1,
   '2025-09-20 08:20:00', '2025-09-20 08:25:00',
   414.3, 41, '{"avg_reaction_ms": 414.3, "memory_pct": null, "duration_min": 5, "game": "Taptap", "r1": 442.3, "r2": 450.3, "r3": 375.9}'::jsonb,
   '2025-09-20 08:20:00', '2025-09-20 08:28:00'),
  (246, 123, 2,
   '2025-09-20 08:31:00', '2025-09-20 08:41:00',
   62.5, 62, '{"avg_reaction_ms": null, "memory_pct": 62.5, "duration_min": 10, "game": "Memorama", "correct_hits": 10, "total_required": 16}'::jsonb,
   '2025-09-20 08:31:00', '2025-09-20 08:44:00'),
  (247, 124, 1,
   '2025-11-01 08:53:00', '2025-11-01 08:56:00',
   361.2, 53, '{"avg_reaction_ms": 361.2, "memory_pct": null, "duration_min": 3, "game": "Taptap", "r1": 366.1, "r2": 332.8, "r3": 396.1}'::jsonb,
   '2025-11-01 08:53:00', '2025-11-01 08:59:00'),
  (248, 124, 2,
   '2025-11-01 08:53:00', '2025-11-01 09:03:00',
   81.25, 81, '{"avg_reaction_ms": null, "memory_pct": 81.25, "duration_min": 10, "game": "Memorama", "correct_hits": 13, "total_required": 16}'::jsonb,
   '2025-11-01 08:53:00', '2025-11-01 09:06:00'),
  (249, 125, 1,
   '2025-11-02 08:21:00', '2025-11-02 08:31:00',
   475.6, 27, '{"avg_reaction_ms": 475.6, "memory_pct": null, "duration_min": 10, "game": "Taptap", "r1": 440.8, "r2": 476.0, "r3": 454.0}'::jsonb,
   '2025-11-02 08:21:00', '2025-11-02 08:34:00'),
  (250, 125, 2,
   '2025-11-02 08:08:00', '2025-11-02 08:16:00',
   62.5, 62, '{"avg_reaction_ms": null, "memory_pct": 62.5, "duration_min": 8, "game": "Memorama", "correct_hits": 10, "total_required": 16}'::jsonb,
   '2025-11-02 08:08:00', '2025-11-02 08:19:00'),
  (251, 126, 1,
   '2025-11-03 08:57:00', '2025-11-03 09:04:00',
   453.4, 32, '{"avg_reaction_ms": 453.4, "memory_pct": null, "duration_min": 7, "game": "Taptap", "r1": 409.3, "r2": 438.6, "r3": 434.8}'::jsonb,
   '2025-11-03 08:57:00', '2025-11-03 09:07:00'),
  (252, 126, 2,
   '2025-11-03 08:49:00', '2025-11-03 08:54:00',
   81.25, 81, '{"avg_reaction_ms": null, "memory_pct": 81.25, "duration_min": 5, "game": "Memorama", "correct_hits": 13, "total_required": 16}'::jsonb,
   '2025-11-03 08:49:00', '2025-11-03 08:57:00'),
  (253, 127, 1,
   '2025-09-10 08:37:00', '2025-09-10 08:46:00',
   614.0, 0, '{"avg_reaction_ms": 614.0, "memory_pct": null, "duration_min": 9, "game": "Taptap", "r1": 615.9, "r2": 563.3, "r3": 634.8}'::jsonb,
   '2025-09-10 08:37:00', '2025-09-10 08:49:00'),
  (254, 127, 2,
   '2025-09-10 08:22:00', '2025-09-10 08:27:00',
   43.75, 43, '{"avg_reaction_ms": null, "memory_pct": 43.75, "duration_min": 5, "game": "Memorama", "correct_hits": 7, "total_required": 16}'::jsonb,
   '2025-09-10 08:22:00', '2025-09-10 08:30:00'),
  (255, 128, 1,
   '2025-09-11 08:50:00', '2025-09-11 08:56:00',
   360.9, 53, '{"avg_reaction_ms": 360.9, "memory_pct": null, "duration_min": 6, "game": "Taptap", "r1": 352.5, "r2": 357.1, "r3": 344.1}'::jsonb,
   '2025-09-11 08:50:00', '2025-09-11 08:59:00'),
  (256, 128, 2,
   '2025-09-11 08:50:00', '2025-09-11 08:57:00',
   81.25, 81, '{"avg_reaction_ms": null, "memory_pct": 81.25, "duration_min": 7, "game": "Memorama", "correct_hits": 13, "total_required": 16}'::jsonb,
   '2025-09-11 08:50:00', '2025-09-11 09:00:00'),
  (257, 129, 1,
   '2025-09-12 08:38:00', '2025-09-12 08:41:00',
   394.0, 45, '{"avg_reaction_ms": 394.0, "memory_pct": null, "duration_min": 3, "game": "Taptap", "r1": 382.9, "r2": 373.2, "r3": 407.2}'::jsonb,
   '2025-09-12 08:38:00', '2025-09-12 08:44:00'),
  (258, 129, 2,
   '2025-09-12 08:34:00', '2025-09-12 08:41:00',
   62.5, 62, '{"avg_reaction_ms": null, "memory_pct": 62.5, "duration_min": 7, "game": "Memorama", "correct_hits": 10, "total_required": 16}'::jsonb,
   '2025-09-12 08:34:00', '2025-09-12 08:44:00'),
  (259, 130, 1,
   '2025-09-13 08:47:00', '2025-09-13 08:54:00',
   593.5, 1, '{"avg_reaction_ms": 593.5, "memory_pct": null, "duration_min": 7, "game": "Taptap", "r1": 610.0, "r2": 645.8, "r3": 577.8}'::jsonb,
   '2025-09-13 08:47:00', '2025-09-13 08:57:00'),
  (260, 130, 2,
   '2025-09-13 08:42:00', '2025-09-13 08:48:00',
   31.25, 31, '{"avg_reaction_ms": null, "memory_pct": 31.25, "duration_min": 6, "game": "Memorama", "correct_hits": 5, "total_required": 16}'::jsonb,
   '2025-09-13 08:42:00', '2025-09-13 08:51:00'),
  (261, 131, 1,
   '2025-09-14 08:40:00', '2025-09-14 08:45:00',
   558.2, 9, '{"avg_reaction_ms": 558.2, "memory_pct": null, "duration_min": 5, "game": "Taptap", "r1": 612.8, "r2": 544.1, "r3": 580.7}'::jsonb,
   '2025-09-14 08:40:00', '2025-09-14 08:48:00'),
  (262, 131, 2,
   '2025-09-14 08:40:00', '2025-09-14 08:46:00',
   31.25, 31, '{"avg_reaction_ms": null, "memory_pct": 31.25, "duration_min": 6, "game": "Memorama", "correct_hits": 5, "total_required": 16}'::jsonb,
   '2025-09-14 08:40:00', '2025-09-14 08:49:00'),
  (263, 132, 1,
   '2025-09-15 08:42:00', '2025-09-15 08:46:00',
   428.3, 38, '{"avg_reaction_ms": 428.3, "memory_pct": null, "duration_min": 4, "game": "Taptap", "r1": 430.7, "r2": 416.5, "r3": 464.0}'::jsonb,
   '2025-09-15 08:42:00', '2025-09-15 08:49:00'),
  (264, 132, 2,
   '2025-09-15 08:26:00', '2025-09-15 08:29:00',
   81.25, 81, '{"avg_reaction_ms": null, "memory_pct": 81.25, "duration_min": 3, "game": "Memorama", "correct_hits": 13, "total_required": 16}'::jsonb,
   '2025-09-15 08:26:00', '2025-09-15 08:32:00'),
  (265, 133, 1,
   '2025-09-16 08:29:00', '2025-09-16 08:35:00',
   434.5, 36, '{"avg_reaction_ms": 434.5, "memory_pct": null, "duration_min": 6, "game": "Taptap", "r1": 404.1, "r2": 419.6, "r3": 436.3}'::jsonb,
   '2025-09-16 08:29:00', '2025-09-16 08:38:00'),
  (266, 133, 2,
   '2025-09-16 08:16:00', '2025-09-16 08:22:00',
   81.25, 81, '{"avg_reaction_ms": null, "memory_pct": 81.25, "duration_min": 6, "game": "Memorama", "correct_hits": 13, "total_required": 16}'::jsonb,
   '2025-09-16 08:16:00', '2025-09-16 08:25:00'),
  (267, 134, 1,
   '2025-09-17 08:55:00', '2025-09-17 08:59:00',
   476.9, 27, '{"avg_reaction_ms": 476.9, "memory_pct": null, "duration_min": 4, "game": "Taptap", "r1": 471.7, "r2": 434.5, "r3": 441.8}'::jsonb,
   '2025-09-17 08:55:00', '2025-09-17 09:02:00'),
  (268, 134, 2,
   '2025-09-17 08:53:00', '2025-09-17 09:03:00',
   81.25, 81, '{"avg_reaction_ms": null, "memory_pct": 81.25, "duration_min": 10, "game": "Memorama", "correct_hits": 13, "total_required": 16}'::jsonb,
   '2025-09-17 08:53:00', '2025-09-17 09:06:00'),
  (269, 135, 1,
   '2025-09-18 08:01:00', '2025-09-18 08:11:00',
   447.5, 33, '{"avg_reaction_ms": 447.5, "memory_pct": null, "duration_min": 10, "game": "Taptap", "r1": 430.3, "r2": 404.7, "r3": 425.5}'::jsonb,
   '2025-09-18 08:01:00', '2025-09-18 08:14:00'),
  (270, 135, 2,
   '2025-09-18 08:00:00', '2025-09-18 08:06:00',
   81.25, 81, '{"avg_reaction_ms": null, "memory_pct": 81.25, "duration_min": 6, "game": "Memorama", "correct_hits": 13, "total_required": 16}'::jsonb,
   '2025-09-18 08:00:00', '2025-09-18 08:09:00'),
  (271, 136, 1,
   '2025-09-19 08:11:00', '2025-09-19 08:14:00',
   415.1, 41, '{"avg_reaction_ms": 415.1, "memory_pct": null, "duration_min": 3, "game": "Taptap", "r1": 431.7, "r2": 418.5, "r3": 378.6}'::jsonb,
   '2025-09-19 08:11:00', '2025-09-19 08:17:00'),
  (272, 136, 2,
   '2025-09-19 08:11:00', '2025-09-19 08:21:00',
   56.25, 56, '{"avg_reaction_ms": null, "memory_pct": 56.25, "duration_min": 10, "game": "Memorama", "correct_hits": 9, "total_required": 16}'::jsonb,
   '2025-09-19 08:11:00', '2025-09-19 08:24:00'),
  (273, 137, 1,
   '2025-09-20 08:35:00', '2025-09-20 08:44:00',
   517.0, 18, '{"avg_reaction_ms": 517.0, "memory_pct": null, "duration_min": 9, "game": "Taptap", "r1": 479.3, "r2": 531.6, "r3": 540.7}'::jsonb,
   '2025-09-20 08:35:00', '2025-09-20 08:47:00'),
  (274, 137, 2,
   '2025-09-20 08:39:00', '2025-09-20 08:47:00',
   43.75, 43, '{"avg_reaction_ms": null, "memory_pct": 43.75, "duration_min": 8, "game": "Memorama", "correct_hits": 7, "total_required": 16}'::jsonb,
   '2025-09-20 08:39:00', '2025-09-20 08:50:00'),
  (275, 138, 1,
   '2025-11-01 08:46:00', '2025-11-01 08:55:00',
   546.3, 11, '{"avg_reaction_ms": 546.3, "memory_pct": null, "duration_min": 9, "game": "Taptap", "r1": 566.3, "r2": 564.0, "r3": 550.6}'::jsonb,
   '2025-11-01 08:46:00', '2025-11-01 08:58:00'),
  (276, 138, 2,
   '2025-11-01 08:52:00', '2025-11-01 09:00:00',
   25.0, 25, '{"avg_reaction_ms": null, "memory_pct": 25.0, "duration_min": 8, "game": "Memorama", "correct_hits": 4, "total_required": 16}'::jsonb,
   '2025-11-01 08:52:00', '2025-11-01 09:03:00'),
  (277, 139, 1,
   '2025-11-02 08:31:00', '2025-11-02 08:40:00',
   569.3, 6, '{"avg_reaction_ms": 569.3, "memory_pct": null, "duration_min": 9, "game": "Taptap", "r1": 595.2, "r2": 537.7, "r3": 512.8}'::jsonb,
   '2025-11-02 08:31:00', '2025-11-02 08:43:00'),
  (278, 139, 2,
   '2025-11-02 08:26:00', '2025-11-02 08:33:00',
   43.75, 43, '{"avg_reaction_ms": null, "memory_pct": 43.75, "duration_min": 7, "game": "Memorama", "correct_hits": 7, "total_required": 16}'::jsonb,
   '2025-11-02 08:26:00', '2025-11-02 08:36:00'),
  (279, 140, 1,
   '2025-11-03 08:54:00', '2025-11-03 09:03:00',
   429.2, 37, '{"avg_reaction_ms": 429.2, "memory_pct": null, "duration_min": 9, "game": "Taptap", "r1": 457.0, "r2": 407.5, "r3": 416.0}'::jsonb,
   '2025-11-03 08:54:00', '2025-11-03 09:06:00'),
  (280, 140, 2,
   '2025-11-03 08:45:00', '2025-11-03 08:51:00',
   56.25, 56, '{"avg_reaction_ms": null, "memory_pct": 56.25, "duration_min": 6, "game": "Memorama", "correct_hits": 9, "total_required": 16}'::jsonb,
   '2025-11-03 08:45:00', '2025-11-03 08:54:00');
SELECT setval('game_sessions_id_seq', 280);

-- 6. MESSAGES (1 × checkin + extras milestone 10 días)
INSERT INTO message
  (id, id_daily_checkin, id_game_session, message, created_at, updated_at)
VALUES
  (1, 1, 1,
   'Tu energía está en niveles óptimos. ¡Es un buen momento para enfrentar tareas cognitivamente demandantes!',
   '2025-09-10 08:10:00', '2025-09-10 08:20:00'),
  (2, 2, 3,
   'Rendimiento cognitivo levemente reducido. Evita tomar decisiones importantes sin descanso previo.',
   '2025-09-11 08:04:00', '2025-09-11 08:14:00'),
  (3, 3, 5,
   'Dormiste bien y tu ánimo es positivo. Aprovecha el día para tareas que requieran concentración.',
   '2025-09-12 07:44:00', '2025-09-12 07:54:00'),
  (4, 4, 7,
   'Semáforo Verde: alta capacidad cognitiva. Ideal para aprendizaje profundo.',
   '2025-09-13 07:58:00', '2025-09-13 08:08:00'),
  (5, 5, 9,
   'Tu energía está en niveles óptimos. ¡Es un buen momento para enfrentar tareas cognitivamente demandantes!',
   '2025-09-14 07:40:00', '2025-09-14 07:50:00'),
  (6, 6, 11,
   'Tu energía está en niveles óptimos. ¡Es un buen momento para enfrentar tareas cognitivamente demandantes!',
   '2025-09-15 07:36:00', '2025-09-15 07:46:00'),
  (7, 7, 13,
   'Tu energía está en niveles óptimos. ¡Es un buen momento para enfrentar tareas cognitivamente demandantes!',
   '2025-09-16 07:59:00', '2025-09-16 08:09:00'),
  (8, 8, 15,
   'Tu energía está en niveles óptimos. ¡Es un buen momento para enfrentar tareas cognitivamente demandantes!',
   '2025-09-17 07:53:00', '2025-09-17 08:03:00'),
  (9, 9, 17,
   'Tu energía está en niveles óptimos. ¡Es un buen momento para enfrentar tareas cognitivamente demandantes!',
   '2025-09-18 07:48:00', '2025-09-18 07:58:00'),
  (10, 10, 19,
   'Semáforo Verde: alta capacidad cognitiva. Ideal para aprendizaje profundo.',
   '2025-09-19 07:53:00', '2025-09-19 08:03:00'),
  (11, 11, 21,
   'Tu energía está en niveles óptimos. ¡Es un buen momento para enfrentar tareas cognitivamente demandantes!',
   '2025-09-20 08:13:00', '2025-09-20 08:23:00'),
  (12, 12, 23,
   'Dormiste bien y tu ánimo es positivo. Aprovecha el día para tareas que requieran concentración.',
   '2025-11-01 07:47:00', '2025-11-01 07:57:00'),
  (13, 13, 25,
   'Semáforo Verde: alta capacidad cognitiva. Ideal para aprendizaje profundo.',
   '2025-11-02 07:50:00', '2025-11-02 08:00:00'),
  (14, 14, 27,
   'Semáforo Verde: alta capacidad cognitiva. Ideal para aprendizaje profundo.',
   '2025-11-03 07:34:00', '2025-11-03 07:44:00'),
  (15, 15, 29,
   'Deuda de sueño significativa. Considera un descanso reparador hoy.',
   '2025-09-10 08:11:00', '2025-09-10 08:21:00'),
  (16, 16, 31,
   'Tienes fatiga moderada acumulada. Alterna períodos de estudio de 25 min con descansos de 5 min (Pomodoro).',
   '2025-09-11 08:05:00', '2025-09-11 08:15:00'),
  (17, 17, 33,
   'Tu nivel de agotamiento es alto. Prioriza descanso antes de intentar tareas complejas. Tu cerebro lo necesita.',
   '2025-09-12 07:55:00', '2025-09-12 08:05:00'),
  (18, 18, 35,
   'Rendimiento cognitivo levemente reducido. Evita tomar decisiones importantes sin descanso previo.',
   '2025-09-13 07:39:00', '2025-09-13 07:49:00'),
  (19, 19, 37,
   'Tu nivel de agotamiento es alto. Prioriza descanso antes de intentar tareas complejas. Tu cerebro lo necesita.',
   '2025-09-14 07:54:00', '2025-09-14 08:04:00'),
  (20, 20, 39,
   'Dormiste bien y tu ánimo es positivo. Aprovecha el día para tareas que requieran concentración.',
   '2025-09-15 07:47:00', '2025-09-15 07:57:00'),
  (21, 21, 41,
   'Dormiste bien y tu ánimo es positivo. Aprovecha el día para tareas que requieran concentración.',
   '2025-09-16 07:59:00', '2025-09-16 08:09:00'),
  (22, 22, 43,
   'Tienes fatiga moderada acumulada. Alterna períodos de estudio de 25 min con descansos de 5 min (Pomodoro).',
   '2025-09-17 07:36:00', '2025-09-17 07:46:00'),
  (23, 23, 45,
   'Rendimiento cognitivo levemente reducido. Evita tomar decisiones importantes sin descanso previo.',
   '2025-09-18 07:42:00', '2025-09-18 07:52:00'),
  (24, 24, 47,
   'Tu nivel de agotamiento es alto. Prioriza descanso antes de intentar tareas complejas. Tu cerebro lo necesita.',
   '2025-09-19 08:01:00', '2025-09-19 08:11:00'),
  (25, 25, 49,
   'Tienes fatiga moderada acumulada. Alterna períodos de estudio de 25 min con descansos de 5 min (Pomodoro).',
   '2025-09-20 08:06:00', '2025-09-20 08:16:00'),
  (26, 26, 51,
   'Tienes fatiga moderada acumulada. Alterna períodos de estudio de 25 min con descansos de 5 min (Pomodoro).',
   '2025-11-01 07:38:00', '2025-11-01 07:48:00'),
  (27, 27, 53,
   'Rendimiento cognitivo levemente reducido. Evita tomar decisiones importantes sin descanso previo.',
   '2025-11-02 08:08:00', '2025-11-02 08:18:00'),
  (28, 28, 55,
   'Precaución: fatiga moderada detectada. Hidratación y pausas activas pueden ayudar.',
   '2025-11-03 07:55:00', '2025-11-03 08:05:00'),
  (29, 29, 57,
   'Tu energía está en niveles óptimos. ¡Es un buen momento para enfrentar tareas cognitivamente demandantes!',
   '2025-09-10 07:58:00', '2025-09-10 08:08:00'),
  (30, 30, 59,
   'Rendimiento cognitivo levemente reducido. Evita tomar decisiones importantes sin descanso previo.',
   '2025-09-11 07:30:00', '2025-09-11 07:40:00'),
  (31, 31, 61,
   'Semáforo Verde: alta capacidad cognitiva. Ideal para aprendizaje profundo.',
   '2025-09-12 07:32:00', '2025-09-12 07:42:00'),
  (32, 32, 63,
   'Dormiste bien y tu ánimo es positivo. Aprovecha el día para tareas que requieran concentración.',
   '2025-09-13 08:06:00', '2025-09-13 08:16:00'),
  (33, 33, 65,
   'Semáforo Verde: alta capacidad cognitiva. Ideal para aprendizaje profundo.',
   '2025-09-14 07:42:00', '2025-09-14 07:52:00'),
  (34, 34, 67,
   'Semáforo Verde: alta capacidad cognitiva. Ideal para aprendizaje profundo.',
   '2025-09-15 08:11:00', '2025-09-15 08:21:00'),
  (35, 35, 69,
   'Semáforo Verde: alta capacidad cognitiva. Ideal para aprendizaje profundo.',
   '2025-09-16 07:36:00', '2025-09-16 07:46:00'),
  (36, 36, 71,
   'Dormiste bien y tu ánimo es positivo. Aprovecha el día para tareas que requieran concentración.',
   '2025-09-17 07:34:00', '2025-09-17 07:44:00'),
  (37, 37, 73,
   'Tu energía está en niveles óptimos. ¡Es un buen momento para enfrentar tareas cognitivamente demandantes!',
   '2025-09-18 08:11:00', '2025-09-18 08:21:00'),
  (38, 38, 75,
   'Dormiste bien y tu ánimo es positivo. Aprovecha el día para tareas que requieran concentración.',
   '2025-09-19 08:01:00', '2025-09-19 08:11:00'),
  (39, 39, 77,
   'Tu energía está en niveles óptimos. ¡Es un buen momento para enfrentar tareas cognitivamente demandantes!',
   '2025-09-20 07:30:00', '2025-09-20 07:40:00'),
  (40, 40, 79,
   'Semáforo Verde: alta capacidad cognitiva. Ideal para aprendizaje profundo.',
   '2025-11-01 08:05:00', '2025-11-01 08:15:00'),
  (41, 41, 81,
   'Semáforo Verde: alta capacidad cognitiva. Ideal para aprendizaje profundo.',
   '2025-11-02 07:33:00', '2025-11-02 07:43:00'),
  (42, 42, 83,
   'Tu energía está en niveles óptimos. ¡Es un buen momento para enfrentar tareas cognitivamente demandantes!',
   '2025-11-03 08:03:00', '2025-11-03 08:13:00'),
  (43, 43, 85,
   'Alerta: sueño insuficiente detectado. Evita tareas de alta concentración hasta recuperarte.',
   '2025-09-10 07:34:00', '2025-09-10 07:44:00'),
  (44, 44, 87,
   'Alerta: sueño insuficiente detectado. Evita tareas de alta concentración hasta recuperarte.',
   '2025-09-11 07:35:00', '2025-09-11 07:45:00'),
  (45, 45, 89,
   'Alerta: sueño insuficiente detectado. Evita tareas de alta concentración hasta recuperarte.',
   '2025-09-12 07:50:00', '2025-09-12 08:00:00'),
  (46, 46, 91,
   'Tu nivel de agotamiento es alto. Prioriza descanso antes de intentar tareas complejas. Tu cerebro lo necesita.',
   '2025-09-13 07:34:00', '2025-09-13 07:44:00'),
  (47, 47, 93,
   'Deuda de sueño significativa. Considera un descanso reparador hoy.',
   '2025-09-14 07:46:00', '2025-09-14 07:56:00'),
  (48, 48, 95,
   'Deuda de sueño significativa. Considera un descanso reparador hoy.',
   '2025-09-15 08:04:00', '2025-09-15 08:14:00'),
  (49, 49, 97,
   'Deuda de sueño significativa. Considera un descanso reparador hoy.',
   '2025-09-16 07:36:00', '2025-09-16 07:46:00'),
  (50, 50, 99,
   'Tu nivel de agotamiento es alto. Prioriza descanso antes de intentar tareas complejas. Tu cerebro lo necesita.',
   '2025-09-17 08:08:00', '2025-09-17 08:18:00'),
  (51, 51, 101,
   'Deuda de sueño significativa. Considera un descanso reparador hoy.',
   '2025-09-18 07:46:00', '2025-09-18 07:56:00'),
  (52, 52, 103,
   'Deuda de sueño significativa. Considera un descanso reparador hoy.',
   '2025-09-19 07:47:00', '2025-09-19 07:57:00'),
  (53, 53, 105,
   'Alerta: sueño insuficiente detectado. Evita tareas de alta concentración hasta recuperarte.',
   '2025-09-20 07:58:00', '2025-09-20 08:08:00'),
  (54, 54, 107,
   'Deuda de sueño significativa. Considera un descanso reparador hoy.',
   '2025-11-01 07:53:00', '2025-11-01 08:03:00'),
  (55, 55, 109,
   'Precaución: fatiga moderada detectada. Hidratación y pausas activas pueden ayudar.',
   '2025-11-02 07:53:00', '2025-11-02 08:03:00'),
  (56, 56, 111,
   'Tu nivel de agotamiento es alto. Prioriza descanso antes de intentar tareas complejas. Tu cerebro lo necesita.',
   '2025-11-03 08:12:00', '2025-11-03 08:22:00'),
  (57, 57, 113,
   'Dormiste bien y tu ánimo es positivo. Aprovecha el día para tareas que requieran concentración.',
   '2025-09-10 07:41:00', '2025-09-10 07:51:00'),
  (58, 58, 115,
   'Semáforo Verde: alta capacidad cognitiva. Ideal para aprendizaje profundo.',
   '2025-09-11 07:45:00', '2025-09-11 07:55:00'),
  (59, 59, 117,
   'Semáforo Verde: alta capacidad cognitiva. Ideal para aprendizaje profundo.',
   '2025-09-12 07:32:00', '2025-09-12 07:42:00'),
  (60, 60, 119,
   'Dormiste bien y tu ánimo es positivo. Aprovecha el día para tareas que requieran concentración.',
   '2025-09-13 07:44:00', '2025-09-13 07:54:00'),
  (61, 61, 121,
   'Semáforo Verde: alta capacidad cognitiva. Ideal para aprendizaje profundo.',
   '2025-09-14 07:34:00', '2025-09-14 07:44:00'),
  (62, 62, 123,
   'Dormiste bien y tu ánimo es positivo. Aprovecha el día para tareas que requieran concentración.',
   '2025-09-15 07:37:00', '2025-09-15 07:47:00'),
  (63, 63, 125,
   'Semáforo Verde: alta capacidad cognitiva. Ideal para aprendizaje profundo.',
   '2025-09-16 07:36:00', '2025-09-16 07:46:00'),
  (64, 64, 127,
   'Dormiste bien y tu ánimo es positivo. Aprovecha el día para tareas que requieran concentración.',
   '2025-09-17 08:06:00', '2025-09-17 08:16:00'),
  (65, 65, 129,
   'Dormiste bien y tu ánimo es positivo. Aprovecha el día para tareas que requieran concentración.',
   '2025-09-18 08:04:00', '2025-09-18 08:14:00'),
  (66, 66, 131,
   'Tienes fatiga moderada acumulada. Alterna períodos de estudio de 25 min con descansos de 5 min (Pomodoro).',
   '2025-09-19 07:51:00', '2025-09-19 08:01:00'),
  (67, 67, 133,
   'Dormiste bien y tu ánimo es positivo. Aprovecha el día para tareas que requieran concentración.',
   '2025-09-20 07:49:00', '2025-09-20 07:59:00'),
  (68, 68, 135,
   'Dormiste bien y tu ánimo es positivo. Aprovecha el día para tareas que requieran concentración.',
   '2025-11-01 07:56:00', '2025-11-01 08:06:00'),
  (69, 69, 137,
   'Tu energía está en niveles óptimos. ¡Es un buen momento para enfrentar tareas cognitivamente demandantes!',
   '2025-11-02 08:09:00', '2025-11-02 08:19:00'),
  (70, 70, 139,
   'Semáforo Verde: alta capacidad cognitiva. Ideal para aprendizaje profundo.',
   '2025-11-03 08:07:00', '2025-11-03 08:17:00'),
  (71, 71, 141,
   'Precaución: fatiga moderada detectada. Hidratación y pausas activas pueden ayudar.',
   '2025-09-10 07:43:00', '2025-09-10 07:53:00'),
  (72, 72, 143,
   'Tienes fatiga moderada acumulada. Alterna períodos de estudio de 25 min con descansos de 5 min (Pomodoro).',
   '2025-09-11 08:02:00', '2025-09-11 08:12:00'),
  (73, 73, 145,
   'Tu nivel de agotamiento es alto. Prioriza descanso antes de intentar tareas complejas. Tu cerebro lo necesita.',
   '2025-09-12 07:45:00', '2025-09-12 07:55:00'),
  (74, 74, 147,
   'Precaución: fatiga moderada detectada. Hidratación y pausas activas pueden ayudar.',
   '2025-09-13 07:34:00', '2025-09-13 07:44:00'),
  (75, 75, 149,
   'Deuda de sueño significativa. Considera un descanso reparador hoy.',
   '2025-09-14 08:14:00', '2025-09-14 08:24:00'),
  (76, 76, 151,
   'Tienes fatiga moderada acumulada. Alterna períodos de estudio de 25 min con descansos de 5 min (Pomodoro).',
   '2025-09-15 08:14:00', '2025-09-15 08:24:00'),
  (77, 77, 153,
   'Precaución: fatiga moderada detectada. Hidratación y pausas activas pueden ayudar.',
   '2025-09-16 07:37:00', '2025-09-16 07:47:00'),
  (78, 78, 155,
   'Tienes fatiga moderada acumulada. Alterna períodos de estudio de 25 min con descansos de 5 min (Pomodoro).',
   '2025-09-17 07:58:00', '2025-09-17 08:08:00'),
  (79, 79, 157,
   'Rendimiento cognitivo levemente reducido. Evita tomar decisiones importantes sin descanso previo.',
   '2025-09-18 08:05:00', '2025-09-18 08:15:00'),
  (80, 80, 159,
   'Precaución: fatiga moderada detectada. Hidratación y pausas activas pueden ayudar.',
   '2025-09-19 07:47:00', '2025-09-19 07:57:00'),
  (81, 81, 161,
   'Alerta: sueño insuficiente detectado. Evita tareas de alta concentración hasta recuperarte.',
   '2025-09-20 07:58:00', '2025-09-20 08:08:00'),
  (82, 82, 163,
   'Rendimiento cognitivo levemente reducido. Evita tomar decisiones importantes sin descanso previo.',
   '2025-11-01 07:44:00', '2025-11-01 07:54:00'),
  (83, 83, 165,
   'Deuda de sueño significativa. Considera un descanso reparador hoy.',
   '2025-11-02 07:56:00', '2025-11-02 08:06:00'),
  (84, 84, 167,
   'Tienes fatiga moderada acumulada. Alterna períodos de estudio de 25 min con descansos de 5 min (Pomodoro).',
   '2025-11-03 08:06:00', '2025-11-03 08:16:00'),
  (85, 85, 169,
   'Alerta: sueño insuficiente detectado. Evita tareas de alta concentración hasta recuperarte.',
   '2025-09-10 07:56:00', '2025-09-10 08:06:00'),
  (86, 86, 171,
   'Tu nivel de agotamiento es alto. Prioriza descanso antes de intentar tareas complejas. Tu cerebro lo necesita.',
   '2025-09-11 08:01:00', '2025-09-11 08:11:00'),
  (87, 87, 173,
   'Alerta: sueño insuficiente detectado. Evita tareas de alta concentración hasta recuperarte.',
   '2025-09-12 07:59:00', '2025-09-12 08:09:00'),
  (88, 88, 175,
   'Tu nivel de agotamiento es alto. Prioriza descanso antes de intentar tareas complejas. Tu cerebro lo necesita.',
   '2025-09-13 07:35:00', '2025-09-13 07:45:00'),
  (89, 89, 177,
   'Alerta: sueño insuficiente detectado. Evita tareas de alta concentración hasta recuperarte.',
   '2025-09-14 07:54:00', '2025-09-14 08:04:00'),
  (90, 90, 179,
   'Deuda de sueño significativa. Considera un descanso reparador hoy.',
   '2025-09-15 07:35:00', '2025-09-15 07:45:00'),
  (91, 91, 181,
   'Tu nivel de agotamiento es alto. Prioriza descanso antes de intentar tareas complejas. Tu cerebro lo necesita.',
   '2025-09-16 08:11:00', '2025-09-16 08:21:00'),
  (92, 92, 183,
   'Alerta: sueño insuficiente detectado. Evita tareas de alta concentración hasta recuperarte.',
   '2025-09-17 08:12:00', '2025-09-17 08:22:00'),
  (93, 93, 185,
   'Alerta: sueño insuficiente detectado. Evita tareas de alta concentración hasta recuperarte.',
   '2025-09-18 07:53:00', '2025-09-18 08:03:00'),
  (94, 94, 187,
   'Tienes fatiga moderada acumulada. Alterna períodos de estudio de 25 min con descansos de 5 min (Pomodoro).',
   '2025-09-19 07:31:00', '2025-09-19 07:41:00'),
  (95, 95, 189,
   'Deuda de sueño significativa. Considera un descanso reparador hoy.',
   '2025-09-20 07:42:00', '2025-09-20 07:52:00'),
  (96, 96, 191,
   'Deuda de sueño significativa. Considera un descanso reparador hoy.',
   '2025-11-01 07:37:00', '2025-11-01 07:47:00'),
  (97, 97, 193,
   'Tu nivel de agotamiento es alto. Prioriza descanso antes de intentar tareas complejas. Tu cerebro lo necesita.',
   '2025-11-02 07:53:00', '2025-11-02 08:03:00'),
  (98, 98, 195,
   'Tienes fatiga moderada acumulada. Alterna períodos de estudio de 25 min con descansos de 5 min (Pomodoro).',
   '2025-11-03 08:10:00', '2025-11-03 08:20:00'),
  (99, 99, 197,
   'Dormiste bien y tu ánimo es positivo. Aprovecha el día para tareas que requieran concentración.',
   '2025-09-10 08:03:00', '2025-09-10 08:13:00'),
  (100, 100, 199,
   'Dormiste bien y tu ánimo es positivo. Aprovecha el día para tareas que requieran concentración.',
   '2025-09-11 08:07:00', '2025-09-11 08:17:00'),
  (101, 101, 201,
   'Semáforo Verde: alta capacidad cognitiva. Ideal para aprendizaje profundo.',
   '2025-09-12 07:58:00', '2025-09-12 08:08:00'),
  (102, 102, 203,
   'Semáforo Verde: alta capacidad cognitiva. Ideal para aprendizaje profundo.',
   '2025-09-13 07:50:00', '2025-09-13 08:00:00'),
  (103, 103, 205,
   'Rendimiento cognitivo levemente reducido. Evita tomar decisiones importantes sin descanso previo.',
   '2025-09-14 08:08:00', '2025-09-14 08:18:00'),
  (104, 104, 207,
   'Tu energía está en niveles óptimos. ¡Es un buen momento para enfrentar tareas cognitivamente demandantes!',
   '2025-09-15 08:01:00', '2025-09-15 08:11:00'),
  (105, 105, 209,
   'Tu energía está en niveles óptimos. ¡Es un buen momento para enfrentar tareas cognitivamente demandantes!',
   '2025-09-16 08:01:00', '2025-09-16 08:11:00'),
  (106, 106, 211,
   'Tu energía está en niveles óptimos. ¡Es un buen momento para enfrentar tareas cognitivamente demandantes!',
   '2025-09-17 08:07:00', '2025-09-17 08:17:00'),
  (107, 107, 213,
   'Semáforo Verde: alta capacidad cognitiva. Ideal para aprendizaje profundo.',
   '2025-09-18 08:05:00', '2025-09-18 08:15:00'),
  (108, 108, 215,
   'Rendimiento cognitivo levemente reducido. Evita tomar decisiones importantes sin descanso previo.',
   '2025-09-19 07:50:00', '2025-09-19 08:00:00'),
  (109, 109, 217,
   'Semáforo Verde: alta capacidad cognitiva. Ideal para aprendizaje profundo.',
   '2025-09-20 07:43:00', '2025-09-20 07:53:00'),
  (110, 110, 219,
   'Semáforo Verde: alta capacidad cognitiva. Ideal para aprendizaje profundo.',
   '2025-11-01 07:42:00', '2025-11-01 07:52:00'),
  (111, 111, 221,
   'Tienes fatiga moderada acumulada. Alterna períodos de estudio de 25 min con descansos de 5 min (Pomodoro).',
   '2025-11-02 08:04:00', '2025-11-02 08:14:00'),
  (112, 112, 223,
   'Precaución: fatiga moderada detectada. Hidratación y pausas activas pueden ayudar.',
   '2025-11-03 08:01:00', '2025-11-03 08:11:00'),
  (113, 113, 225,
   'Tu nivel de agotamiento es alto. Prioriza descanso antes de intentar tareas complejas. Tu cerebro lo necesita.',
   '2025-09-10 07:58:00', '2025-09-10 08:08:00'),
  (114, 114, 227,
   'Precaución: fatiga moderada detectada. Hidratación y pausas activas pueden ayudar.',
   '2025-09-11 07:34:00', '2025-09-11 07:44:00'),
  (115, 115, 229,
   'Alerta: sueño insuficiente detectado. Evita tareas de alta concentración hasta recuperarte.',
   '2025-09-12 08:06:00', '2025-09-12 08:16:00'),
  (116, 116, 231,
   'Tu energía está en niveles óptimos. ¡Es un buen momento para enfrentar tareas cognitivamente demandantes!',
   '2025-09-13 07:44:00', '2025-09-13 07:54:00'),
  (117, 117, 233,
   'Tienes fatiga moderada acumulada. Alterna períodos de estudio de 25 min con descansos de 5 min (Pomodoro).',
   '2025-09-14 08:07:00', '2025-09-14 08:17:00'),
  (118, 118, 235,
   'Tu nivel de agotamiento es alto. Prioriza descanso antes de intentar tareas complejas. Tu cerebro lo necesita.',
   '2025-09-15 08:10:00', '2025-09-15 08:20:00'),
  (119, 119, 237,
   'Rendimiento cognitivo levemente reducido. Evita tomar decisiones importantes sin descanso previo.',
   '2025-09-16 07:34:00', '2025-09-16 07:44:00'),
  (120, 120, 239,
   'Tu nivel de agotamiento es alto. Prioriza descanso antes de intentar tareas complejas. Tu cerebro lo necesita.',
   '2025-09-17 08:15:00', '2025-09-17 08:25:00'),
  (121, 121, 241,
   'Rendimiento cognitivo levemente reducido. Evita tomar decisiones importantes sin descanso previo.',
   '2025-09-18 07:46:00', '2025-09-18 07:56:00'),
  (122, 122, 243,
   'Alerta: sueño insuficiente detectado. Evita tareas de alta concentración hasta recuperarte.',
   '2025-09-19 08:11:00', '2025-09-19 08:21:00'),
  (123, 123, 245,
   'Tienes fatiga moderada acumulada. Alterna períodos de estudio de 25 min con descansos de 5 min (Pomodoro).',
   '2025-09-20 07:49:00', '2025-09-20 07:59:00'),
  (124, 124, 247,
   'Rendimiento cognitivo levemente reducido. Evita tomar decisiones importantes sin descanso previo.',
   '2025-11-01 08:14:00', '2025-11-01 08:24:00'),
  (125, 125, 249,
   'Rendimiento cognitivo levemente reducido. Evita tomar decisiones importantes sin descanso previo.',
   '2025-11-02 07:35:00', '2025-11-02 07:45:00'),
  (126, 126, 251,
   'Rendimiento cognitivo levemente reducido. Evita tomar decisiones importantes sin descanso previo.',
   '2025-11-03 08:13:00', '2025-11-03 08:23:00'),
  (127, 127, 253,
   'Tu nivel de agotamiento es alto. Prioriza descanso antes de intentar tareas complejas. Tu cerebro lo necesita.',
   '2025-09-10 07:47:00', '2025-09-10 07:57:00'),
  (128, 128, 255,
   'Precaución: fatiga moderada detectada. Hidratación y pausas activas pueden ayudar.',
   '2025-09-11 08:10:00', '2025-09-11 08:20:00'),
  (129, 129, 257,
   'Tienes fatiga moderada acumulada. Alterna períodos de estudio de 25 min con descansos de 5 min (Pomodoro).',
   '2025-09-12 07:50:00', '2025-09-12 08:00:00'),
  (130, 130, 259,
   'Deuda de sueño significativa. Considera un descanso reparador hoy.',
   '2025-09-13 08:05:00', '2025-09-13 08:15:00'),
  (131, 131, 261,
   'Alerta: sueño insuficiente detectado. Evita tareas de alta concentración hasta recuperarte.',
   '2025-09-14 07:55:00', '2025-09-14 08:05:00'),
  (132, 132, 263,
   'Precaución: fatiga moderada detectada. Hidratación y pausas activas pueden ayudar.',
   '2025-09-15 07:53:00', '2025-09-15 08:03:00'),
  (133, 133, 265,
   'Precaución: fatiga moderada detectada. Hidratación y pausas activas pueden ayudar.',
   '2025-09-16 07:43:00', '2025-09-16 07:53:00'),
  (134, 134, 267,
   'Precaución: fatiga moderada detectada. Hidratación y pausas activas pueden ayudar.',
   '2025-09-17 08:10:00', '2025-09-17 08:20:00'),
  (135, 135, 269,
   'Rendimiento cognitivo levemente reducido. Evita tomar decisiones importantes sin descanso previo.',
   '2025-09-18 07:30:00', '2025-09-18 07:40:00'),
  (136, 136, 271,
   'Rendimiento cognitivo levemente reducido. Evita tomar decisiones importantes sin descanso previo.',
   '2025-09-19 07:39:00', '2025-09-19 07:49:00'),
  (137, 137, 273,
   'Alerta: sueño insuficiente detectado. Evita tareas de alta concentración hasta recuperarte.',
   '2025-09-20 07:56:00', '2025-09-20 08:06:00'),
  (138, 138, 275,
   'Alerta: sueño insuficiente detectado. Evita tareas de alta concentración hasta recuperarte.',
   '2025-11-01 08:02:00', '2025-11-01 08:12:00'),
  (139, 139, 277,
   'Alerta: sueño insuficiente detectado. Evita tareas de alta concentración hasta recuperarte.',
   '2025-11-02 07:56:00', '2025-11-02 08:06:00'),
  (140, 140, 279,
   'Precaución: fatiga moderada detectada. Hidratación y pausas activas pueden ayudar.',
   '2025-11-03 08:07:00', '2025-11-03 08:17:00'),
  (141, 14, NULL,
   '¡Llevas 10 días consecutivos! Es momento de responder la encuesta de seguimiento.',
   '2025-11-03 07:49:00', '2025-11-03 07:54:00'),
  (142, 42, NULL,
   '¡Llevas 10 días consecutivos! Es momento de responder la encuesta de seguimiento.',
   '2025-11-03 08:18:00', '2025-11-03 08:23:00'),
  (143, 70, NULL,
   '¡Llevas 10 días consecutivos! Es momento de responder la encuesta de seguimiento.',
   '2025-11-03 08:22:00', '2025-11-03 08:27:00'),
  (144, 112, NULL,
   '¡Llevas 10 días consecutivos! Es momento de responder la encuesta de seguimiento.',
   '2025-11-03 08:16:00', '2025-11-03 08:21:00');
SELECT setval('message_id_seq', 144);

-- 7. SURVEY_RESPONSE
-- FIX: answered_at milestone 10 = Nov 5  (umbral Oct 26 → checkins Sep quedan antes)
--       answered_at milestone 20 = Nov 25
-- q1=semaforo_coincide q2=modifico_actividades q3=precision_minijuegos
-- q4=intento_dormir_mas q5=evito_burnout  (escala 1-5)
INSERT INTO survey_response
  (id, id_user, streak_milestone, answers,
   avg_sleep_last10, avg_battery_last10, answered_at, updated_at)
VALUES
  (1, 1, 10,
   '{"q1": 5, "q2": 4, "q3": 4, "q4": 3, "q5": 5}'::jsonb,
   7.7, 90.19,
   '2025-11-05 13:00:00', '2025-11-05 13:16:00'),
  (2, 1, 20,
   '{"q1": 4, "q2": 4, "q3": 3, "q4": 5, "q5": 3}'::jsonb,
   8.11, 65.49,
   '2025-11-25 18:00:00', '2025-11-25 18:23:00'),
  (3, 2, 10,
   '{"q1": 4, "q2": 4, "q3": 3, "q4": 3, "q5": 2}'::jsonb,
   6.07, 47.98,
   '2025-11-06 19:00:00', '2025-11-06 19:12:00'),
  (4, 2, 20,
   '{"q1": 3, "q2": 4, "q3": 4, "q4": 4, "q5": 3}'::jsonb,
   6.16, 63.36,
   '2025-11-26 21:00:00', '2025-11-26 21:25:00'),
  (5, 3, 10,
   '{"q1": 5, "q2": 4, "q3": 4, "q4": 3, "q5": 5}'::jsonb,
   8.19, 70.08,
   '2025-11-07 21:00:00', '2025-11-07 21:22:00'),
  (6, 3, 20,
   '{"q1": 4, "q2": 3, "q3": 5, "q4": 5, "q5": 3}'::jsonb,
   7.79, 90.17,
   '2025-11-27 11:00:00', '2025-11-27 11:26:00'),
  (7, 4, 10,
   '{"q1": 1, "q2": 1, "q3": 2, "q4": 1, "q5": 3}'::jsonb,
   4.42, 36.39,
   '2025-11-08 10:00:00', '2025-11-08 10:11:00'),
  (8, 4, 20,
   '{"q1": 3, "q2": 2, "q3": 2, "q4": 1, "q5": 3}'::jsonb,
   5.15, 42.28,
   '2025-11-28 17:00:00', '2025-11-28 17:26:00'),
  (9, 5, 10,
   '{"q1": 4, "q2": 3, "q3": 3, "q4": 5, "q5": 5}'::jsonb,
   7.62, 65.5,
   '2025-11-09 21:00:00', '2025-11-09 21:13:00'),
  (10, 5, 20,
   '{"q1": 5, "q2": 4, "q3": 3, "q4": 5, "q5": 5}'::jsonb,
   8.01, 89.19,
   '2025-11-29 12:00:00', '2025-11-29 12:08:00'),
  (11, 6, 10,
   '{"q1": 2, "q2": 4, "q3": 2, "q4": 2, "q5": 2}'::jsonb,
   6.67, 48.56,
   '2025-11-10 15:00:00', '2025-11-10 15:13:00'),
  (12, 6, 20,
   '{"q1": 3, "q2": 2, "q3": 3, "q4": 3, "q5": 3}'::jsonb,
   6.59, 67.75,
   '2025-11-30 13:00:00', '2025-11-30 13:14:00'),
  (13, 7, 10,
   '{"q1": 3, "q2": 1, "q3": 3, "q4": 3, "q5": 1}'::jsonb,
   4.17, 27.86,
   '2025-11-11 18:00:00', '2025-11-11 18:20:00'),
  (14, 7, 20,
   '{"q1": 1, "q2": 3, "q3": 1, "q4": 3, "q5": 1}'::jsonb,
   4.15, 39.98,
   '2025-12-01 20:00:00', '2025-12-01 20:30:00'),
  (15, 8, 10,
   '{"q1": 4, "q2": 5, "q3": 3, "q4": 5, "q5": 3}'::jsonb,
   7.34, 92.04,
   '2025-11-12 21:00:00', '2025-11-12 21:23:00'),
  (16, 8, 20,
   '{"q1": 4, "q2": 4, "q3": 3, "q4": 3, "q5": 5}'::jsonb,
   8.39, 91.98,
   '2025-12-02 19:00:00', '2025-12-02 19:26:00'),
  (17, 9, 10,
   '{"q1": 2, "q2": 2, "q3": 3, "q4": 2, "q5": 2}'::jsonb,
   6.62, 61.56,
   '2025-11-13 21:00:00', '2025-11-13 21:17:00'),
  (18, 9, 20,
   '{"q1": 2, "q2": 3, "q3": 2, "q4": 4, "q5": 2}'::jsonb,
   6.59, 64.09,
   '2025-12-03 20:00:00', '2025-12-03 20:22:00'),
  (19, 10, 10,
   '{"q1": 3, "q2": 3, "q3": 4, "q4": 2, "q5": 4}'::jsonb,
   6.81, 55.02,
   '2025-11-14 15:00:00', '2025-11-14 15:06:00'),
  (20, 10, 20,
   '{"q1": 2, "q2": 3, "q3": 2, "q4": 2, "q5": 3}'::jsonb,
   6.65, 57.96,
   '2025-12-04 19:00:00', '2025-12-04 19:17:00');
SELECT setval('survey_response_id_seq', 20);

COMMIT;
